1,10,78.00,0.80
2,10,67.00,0.70
2,20,45.00,0.50
2,30,23.00,0.30
2,40,34.00,0.40
2,50,12.00,0.20
2,60,34.00,0.40
2,70,56.00,0.60
2,80,56.00,0.60
2,90,34.00,0.40
2,100,12.00,0.20
2,110,23.00,0.30
2,120,1.00,0.10
2,130,12.00,0.20
2,140,-10.00,0.00
2,150,23.00,0.30
2,160,-10.00,0.00
2,170,23.00,0.30
2,180,23.00,0.30
2,190,34.00,0.40
2,200,1.00,0.10
2,210,12.00,0.20
2,220,1.00,0.10
2,230,1.00,0.10
2,240,-10.00,0.00
2,250,23.00,0.30
2,260,23.00,0.30
2,270,12.00,0.20
2,280,12.00,0.20
2,290,1.00,0.10
2,300,1.00,0.10
2,310,1.00,0.10
2,320,12.00,0.20
2,330,34.00,0.40
2,340,1.00,0.10
2,350,1.00,0.10
2,360,23.00,0.30
2,370,34.00,0.40
2,380,12.00,0.20
2,390,23.00,0.30
2,400,56.00,0.60
2,410,12.00,0.20
2,420,34.00,0.40
2,430,1.00,0.10
2,440,34.00,0.40
2,450,23.00,0.30
2,460,1.00,0.10
2,470,12.00,0.20
2,480,12.00,0.20
2,490,12.00,0.20
2,500,12.00,0.20
2,510,12.00,0.20
2,520,34.00,0.40
2,530,34.00,0.40
2,540,34.00,0.40
2,550,-10.00,0.00
2,560,-10.00,0.00
2,570,12.00,0.20
2,580,12.00,0.20
2,590,23.00,0.30
2,600,12.00,0.20
2,610,23.00,0.30
2,620,23.00,0.30
2,630,23.00,0.30
2,640,34.00,0.40
2,650,1.00,0.10
2,660,1.00,0.10
2,670,-10.00,0.00
2,680,-10.00,0.00
2,690,1.00,0.10
2,700,1.00,0.10
2,710,1.00,0.10
2,720,12.00,0.20
2,730,1.00,0.10
2,740,12.00,0.20
2,750,1.00,0.10
2,760,23.00,0.30
2,770,23.00,0.30
2,780,12.00,0.20
2,790,12.00,0.20
2,800,23.00,0.30
2,810,1.00,0.10
2,820,12.00,0.20
2,830,1.00,0.10
2,840,12.00,0.20
2,850,12.00,0.20
2,860,12.00,0.20
2,870,23.00,0.30
2,880,23.00,0.30
2,890,1.00,0.10
2,900,1.00,0.10
2,910,1.00,0.10
2,920,1.00,0.10
2,930,-10.00,0.00
2,940,1.00,0.10
2,950,1.00,0.10
2,960,-10.00,0.00
2,970,-10.00,0.00
2,980,-10.00,0.00
2,990,1.00,0.10
2,1000,12.00,0.20
2,1010,1.00,0.10
2,1020,1.00,0.10
2,1030,-10.00,0.00
2,1040,-10.00,0.00
2,1050,12.00,0.20
2,1060,-10.00,0.00
2,1070,1.00,0.10
2,1080,1.00,0.10
2,1090,-10.00,0.00
2,1100,-10.00,0.00
2,1110,1.00,0.10
2,1120,-10.00,0.00
2,1130,1.00,0.10
2,1140,1.00,0.10
2,1150,1.00,0.10
1,10,89.00,0.90
1,10,89.00,0.90
2,10,23.00,0.30
2,20,1.00,0.10
2,30,-10.00,0.00
2,40,12.00,0.20
2,50,34.00,0.40
2,60,12.00,0.20
2,70,1.00,0.10
2,80,12.00,0.20
2,90,12.00,0.20
2,100,12.00,0.20
2,110,1.00,0.10
2,120,12.00,0.20
2,130,23.00,0.30
2,140,12.00,0.20
2,150,12.00,0.20
2,160,1.00,0.10
2,170,23.00,0.30
2,180,1.00,0.10
2,190,23.00,0.30
2,200,1.00,0.10
2,210,1.00,0.10
2,220,1.00,0.10
2,230,1.00,0.10
2,240,1.00,0.10
2,250,-10.00,0.00
2,260,12.00,0.20
2,270,1.00,0.10
2,280,12.00,0.20
2,290,12.00,0.20
2,300,-10.00,0.00
2,310,1.00,0.10
2,320,12.00,0.20
2,330,1.00,0.10
2,340,1.00,0.10
2,350,-10.00,0.00
2,360,12.00,0.20
2,370,34.00,0.40
2,380,-10.00,0.00
2,390,1.00,0.10
2,400,-10.00,0.00
2,410,1.00,0.10
2,420,-10.00,0.00
2,430,23.00,0.30
2,440,1.00,0.10
2,450,-10.00,0.00
2,460,1.00,0.10
2,470,-10.00,0.00
2,480,12.00,0.20
2,490,12.00,0.20
2,500,12.00,0.20
2,510,12.00,0.20
2,520,1.00,0.10
2,530,-10.00,0.00
2,540,-10.00,0.00
2,550,12.00,0.20
2,560,1.00,0.10
2,570,1.00,0.10
2,580,1.00,0.10
2,590,1.00,0.10
2,600,23.00,0.30
2,610,-10.00,0.00
2,620,12.00,0.20
2,630,12.00,0.20
2,640,23.00,0.30
2,650,12.00,0.20
2,660,1.00,0.10
2,670,-10.00,0.00
2,680,-10.00,0.00
2,690,12.00,0.20
2,700,1.00,0.10
2,710,1.00,0.10
2,720,-10.00,0.00
2,730,-10.00,0.00
2,740,1.00,0.10
2,750,-10.00,0.00
2,760,12.00,0.20
2,770,-10.00,0.00
2,780,-10.00,0.00
2,790,-10.00,0.00
2,800,1.00,0.10
2,810,1.00,0.10
2,820,-10.00,0.00
2,830,1.00,0.10
2,840,-10.00,0.00
2,850,1.00,0.10
2,860,12.00,0.20
2,870,-10.00,0.00
2,880,12.00,0.20
2,890,-10.00,0.00
2,900,12.00,0.20
2,910,12.00,0.20
2,920,1.00,0.10
2,930,1.00,0.10
2,940,1.00,0.10
2,950,12.00,0.20
2,960,1.00,0.10
2,970,-10.00,0.00
2,980,1.00,0.10
2,990,12.00,0.20
2,1000,1.00,0.10
2,1010,-10.00,0.00
2,1020,12.00,0.20
2,1030,-10.00,0.00
2,1040,-10.00,0.00
2,1050,1.00,0.10
2,1060,1.00,0.10
2,1070,12.00,0.20
2,1080,-10.00,0.00
2,1090,1.00,0.10
2,1100,-10.00,0.00
2,1110,12.00,0.20
2,1120,12.00,0.20
2,1130,1.00,0.10
2,1140,23.00,0.30
2,1150,-10.00,0.00
2,1160,-10.00,0.00
2,1170,12.00,0.20
2,1180,1.00,0.10
2,1190,-10.00,0.00
2,1200,23.00,0.30
2,1210,-10.00,0.00
2,1220,23.00,0.30
2,1230,1.00,0.10
2,1240,23.00,0.30
2,1250,1.00,0.10
3,10,23.00,0.30
3,20,12.00,0.20
3,30,-10.00,0.00
3,40,12.00,0.20
3,50,-10.00,0.00
3,60,-10.00,0.00
3,70,12.00,0.20
3,80,23.00,0.30
3,90,1.00,0.10
3,100,-10.00,0.00
3,110,23.00,0.30
3,120,23.00,0.30
3,130,12.00,0.20
3,140,-10.00,0.00
3,150,12.00,0.20
3,160,1.00,0.10
3,170,12.00,0.20
3,180,23.00,0.30
3,190,12.00,0.20
3,200,23.00,0.30
3,210,23.00,0.30
3,220,-10.00,0.00
3,230,12.00,0.20
3,240,1.00,0.10
3,250,1.00,0.10
3,260,1.00,0.10
3,270,23.00,0.30
3,280,23.00,0.30
3,290,12.00,0.20
3,300,12.00,0.20
3,310,12.00,0.20
3,320,23.00,0.30
3,330,23.00,0.30
3,340,34.00,0.40
3,350,34.00,0.40
3,360,23.00,0.30
3,370,1.00,0.10
3,380,45.00,0.50
3,390,67.00,0.70
3,400,67.00,0.70
3,410,12.00,0.20
3,420,34.00,0.40
3,430,12.00,0.20
3,440,23.00,0.30
3,450,12.00,0.20
3,460,56.00,0.60
3,470,12.00,0.20
3,480,45.00,0.50
3,490,23.00,0.30
3,500,45.00,0.50
3,510,12.00,0.20
3,520,23.00,0.30
3,530,45.00,0.50
3,540,-10.00,0.00
3,550,23.00,0.30
3,560,23.00,0.30
3,570,1.00,0.10
3,580,34.00,0.40
3,590,45.00,0.50
3,600,34.00,0.40
3,610,23.00,0.30
3,620,56.00,0.60
3,630,45.00,0.50
3,640,23.00,0.30
3,650,12.00,0.20
3,660,34.00,0.40
3,670,34.00,0.40
3,680,45.00,0.50
3,690,56.00,0.60
3,700,12.00,0.20
3,710,56.00,0.60
3,720,23.00,0.30
3,730,12.00,0.20
3,740,34.00,0.40
3,750,23.00,0.30
3,760,45.00,0.50
3,770,56.00,0.60
3,780,23.00,0.30
3,790,23.00,0.30
3,800,67.00,0.70
3,810,12.00,0.20
3,820,12.00,0.20
3,830,23.00,0.30
3,840,12.00,0.20
3,850,34.00,0.40
3,860,1.00,0.10
3,870,67.00,0.70
3,880,34.00,0.40
3,890,23.00,0.30
3,900,34.00,0.40
3,910,34.00,0.40
3,920,1.00,0.10
3,930,-10.00,0.00
3,940,23.00,0.30
3,950,1.00,0.10
3,960,34.00,0.40
3,970,1.00,0.10
3,980,34.00,0.40
3,990,34.00,0.40
3,1000,1.00,0.10
3,1010,23.00,0.30
3,1020,34.00,0.40
3,1030,34.00,0.40
3,1040,12.00,0.20
3,1050,12.00,0.20
3,1060,1.00,0.10
3,1070,12.00,0.20
3,1080,1.00,0.10
3,1090,23.00,0.30
3,1100,67.00,0.70
3,1110,45.00,0.50
3,1120,23.00,0.30
3,1130,12.00,0.20
3,1140,34.00,0.40
3,1150,12.00,0.20
3,1160,12.00,0.20
3,1170,34.00,0.40
3,1180,23.00,0.30
3,1190,12.00,0.20
3,1200,45.00,0.50
3,1210,45.00,0.50
3,1220,34.00,0.40
3,1230,-10.00,0.00
3,1240,23.00,0.30
3,1250,23.00,0.30
4,10,1.00,0.10
4,20,45.00,0.50
4,30,23.00,0.30
4,40,12.00,0.20
4,50,12.00,0.20
4,60,56.00,0.60
4,70,23.00,0.30
4,80,12.00,0.20
4,90,45.00,0.50
4,100,12.00,0.20
4,110,23.00,0.30
4,120,23.00,0.30
4,130,1.00,0.10
4,140,1.00,0.10
4,150,23.00,0.30
4,160,67.00,0.70
4,170,34.00,0.40
4,180,34.00,0.40
4,190,34.00,0.40
4,200,1.00,0.10
4,210,23.00,0.30
4,220,12.00,0.20
4,230,12.00,0.20
4,240,12.00,0.20
4,250,12.00,0.20
4,260,23.00,0.30
4,270,-10.00,0.00
4,280,12.00,0.20
4,290,34.00,0.40
4,300,12.00,0.20
4,310,12.00,0.20
4,320,34.00,0.40
4,330,1.00,0.10
4,340,34.00,0.40
4,350,45.00,0.50
4,360,1.00,0.10
4,370,1.00,0.10
4,380,23.00,0.30
4,390,12.00,0.20
4,400,1.00,0.10
4,410,23.00,0.30
4,420,23.00,0.30
4,430,12.00,0.20
4,440,12.00,0.20
4,450,12.00,0.20
4,460,34.00,0.40
4,470,12.00,0.20
4,480,12.00,0.20
4,490,12.00,0.20
4,500,34.00,0.40
4,510,23.00,0.30
4,520,23.00,0.30
4,530,34.00,0.40
4,540,34.00,0.40
4,550,-10.00,0.00
4,560,12.00,0.20
4,570,1.00,0.10
4,580,12.00,0.20
4,590,1.00,0.10
4,600,1.00,0.10
4,610,45.00,0.50
4,620,23.00,0.30
4,630,1.00,0.10
4,640,12.00,0.20
4,650,34.00,0.40
4,660,1.00,0.10
