episode,scores,steps
0,-10,500
1,-10,770
2,-10,1270
3,-10,1420
4,-10,1798
5,-10,2298
6,-10,2414
7,-10,2527
8,-10,2697
9,-10,2834
10,-10,2918
11,-10,3001
12,-10,3169
13,-10,3257
14,-10,3366
15,-10,3416
16,-10,3530
17,-10,3589
18,-10,3658
19,100,3744
20,100,3769
21,-10,3819
22,-10,3854
23,-10,3881
24,-10,3932
25,-10,3997
26,-10,4068
27,-10,4090
28,-10,4128
29,-10,4189
30,-10,4212
31,100,4220
32,-10,4251
33,-10,4310
34,-10,4364
35,-10,4421
36,-10,4456
37,-10,4508
38,-10,4539
39,-10,4588
40,-10,4639
41,-10,4672
42,-10,4722
43,-10,4759
44,-10,4826
45,-10,4859
46,-10,4898
47,-10,4933
48,-10,4959
49,-10,5010
50,-10,5066
51,-10,5121
52,-10,5176
53,-10,5220
54,-10,5259
55,-10,5281
56,-10,5317
57,-10,5348
58,-10,5370
59,-10,5404
60,-10,5443
61,-10,5496
62,-10,5556
63,-10,5626
64,-10,5657
65,-10,5707
66,-10,5759
67,-10,5794
68,-10,5846
69,-10,5908
70,-10,5969
71,-10,6000
72,-10,6056
73,-10,6108
74,-10,6160
75,-10,6215
76,-10,6264
77,-10,6325
78,-10,6352
79,-10,6413
80,-10,6456
81,-10,6531
82,-10,6585
83,-10,6650
84,-10,6712
85,-10,6757
86,-10,6793
87,-10,6855
88,-10,6884
89,-10,6941
90,-10,6997
91,-10,7077
92,-10,7117
93,-10,7161
94,-10,7196
95,100,7242
96,-10,7281
97,-10,7335
98,-10,7361
99,-10,7409
100,-10,7502
101,-10,7552
102,-10,7608
103,-10,7641
104,-10,7666
105,-10,7723
106,-10,7786
107,-10,7812
108,-10,7873
109,-10,7910
110,-10,7946
111,-10,7983
112,-10,8008
113,-10,8069
114,-10,8111
115,-10,8165
116,-10,8201
117,-10,8296
118,-10,8350
119,100,8395
120,-10,8427
121,-10,8483
122,100,8514
123,-10,8536
124,100,8569
125,-10,8622
126,-10,8646
127,-10,8680
128,-10,8710
129,-10,8746
130,-10,8779
131,-10,8835
132,-10,8867
133,-10,8918
134,-10,8975
135,-10,9029
136,-10,9060
137,-10,9098
138,-10,9151
139,-10,9199
140,-10,9240
141,-10,9267
142,-10,9296
143,-10,9321
144,-10,9346
145,-10,9386
146,-10,9431
147,-10,9483
148,100,9495
149,-10,9520
150,-10,9546
151,100,9623
152,-10,9653
153,-10,9708
154,-10,9771
155,-10,9804
156,-10,9842
157,-10,9897
158,-10,9939
159,-10,9994
160,-10,10048
161,100,10056
162,-10,10083
163,-10,10136
164,-10,10176
165,-10,10224
166,-10,10277
167,-10,10334
168,-10,10367
169,-10,10426
170,-10,10483
171,-10,10520
172,-10,10583
173,-10,10622
174,-10,10679
175,-10,10715
176,-10,10741
177,-10,10797
178,100,10807
179,100,10865
180,-10,10888
181,-10,10950
182,100,10975
183,-10,11005
184,-10,11099
185,-10,11128
186,-10,11158
187,-10,11217
188,-10,11248
189,-10,11278
190,-10,11316
191,-10,11374
192,-10,11437
193,-10,11458
194,-10,11484
195,-10,11519
196,-10,11579
197,-10,11606
198,-10,11630
199,-10,11663
200,-10,11694
201,-10,11740
202,-10,11767
203,-10,11844
204,-10,11903
205,-10,11962
206,-10,12016
207,-10,12048
208,-10,12073
209,-10,12123
210,-10,12151
211,-10,12193
212,-10,12256
213,-10,12315
214,-10,12345
215,-10,12376
216,-10,12440
217,-10,12474
218,-10,12498
219,-10,12540
220,-10,12572
221,-10,12626
222,100,12648
223,100,12680
224,-10,12713
225,-10,12743
226,100,12771
227,-10,12802
228,100,12815
229,-10,12843
230,-10,12868
231,-10,12908
232,-10,12940
233,-10,12996
234,-10,13077
235,-10,13133
236,-10,13168
237,-10,13233
238,-10,13263
239,-10,13328
240,-10,13368
241,-10,13401
242,-10,13434
243,-10,13471
244,-10,13525
245,-10,13578
246,-10,13607
247,-10,13684
248,-10,13716
249,-10,13740
250,-10,13798
251,-10,13830
252,-10,13880
253,-10,13914
254,-10,13966
255,-10,13993
256,-10,14021
257,-10,14078
258,-10,14115
259,-10,14148
260,-10,14239
261,-10,14269
262,-10,14322
263,100,14368
264,-10,14433
265,-10,14491
266,-10,14516
267,-10,14575
268,-10,14610
269,-10,14641
270,-10,14699
271,-10,14729
272,-10,14791
273,-10,14849
274,-10,14913
275,-10,14942
276,-10,14982
277,-10,15021
278,-10,15076
279,-10,15124
280,-10,15146
281,-10,15176
282,-10,15210
283,-10,15302
284,-10,15344
285,-10,15378
286,-10,15418
287,100,15425
288,-10,15459
289,-10,15512
290,-10,15586
291,-10,15652
292,-10,15717
293,-10,15758
294,-10,15797
295,-10,15867
296,-10,15899
297,-10,15996
298,-10,16029
299,100,16038
300,-10,16067
301,-10,16097
302,-10,16149
303,-10,16204
304,-10,16272
305,-10,16367
306,-10,16396
307,-10,16448
308,-10,16486
309,-10,16554
310,-10,16582
311,-10,16617
312,-10,16659
313,-10,16704
314,100,16730
315,-10,16755
316,-10,16789
317,-10,16842
318,-10,16894
319,-10,16928
320,-10,16972
321,-10,16995
322,-10,17044
323,-10,17074
324,-10,17121
325,-10,17156
326,-10,17213
327,-10,17237
328,-10,17297
329,-10,17342
330,-10,17377
331,-10,17402
332,100,17491
333,-10,17545
334,-10,17594
335,-10,17627
336,-10,17655
337,-10,17706
338,-10,17749
339,-10,17778
340,100,17796
341,-10,17825
342,-10,17896
343,-10,17948
344,-10,18019
345,100,18044
346,100,18077
347,-10,18105
348,-10,18147
349,-10,18180
350,-10,18222
351,-10,18259
352,-10,18284
353,-10,18341
354,-10,18478
355,-10,18506
356,-10,18569
357,-10,18621
358,-10,18679
359,-10,18740
360,-10,18805
361,-10,18837
362,-10,18859
363,100,18865
364,-10,18896
365,-10,18967
366,-10,18994
367,-10,19056
368,-10,19116
369,-10,19150
370,-10,19206
371,-10,19288
372,-10,19322
373,-10,19351
374,-10,19386
375,-10,19444
376,-10,19505
377,-10,19537
378,-10,19637
379,-10,19725
380,-10,19831
381,-10,19865
382,-10,19927
383,-10,19960
384,-10,20028
385,-10,20089
386,100,20095
387,-10,20130
388,-10,20195
389,-10,20227
390,-10,20281
391,-10,20374
392,-10,20409
393,-10,20449
394,-10,20538
395,-10,20572
396,100,20614
397,100,20639
398,-10,20751
399,-10,20810
400,-10,20868
401,-10,20905
402,-10,20950
403,-10,21028
404,-10,21095
405,-10,21134
406,-10,21169
407,-10,21235
408,-10,21262
409,-10,21384
410,-10,21444
411,-10,21479
412,-10,21508
413,-10,21536
414,-10,21601
415,100,21626
416,100,21635
417,-10,21690
418,-10,21749
419,-10,21819
420,-10,21854
421,-10,21927
422,-10,21988
423,-10,22057
424,-10,22090
425,-10,22146
426,100,22153
427,-10,22184
428,-10,22256
429,-10,22322
430,-10,22358
431,-10,22387
432,100,22413
433,-10,22440
434,-10,22474
435,-10,22570
436,-10,22595
437,-10,22638
438,-10,22674
439,-10,22708
440,-10,22790
441,-10,22821
442,100,22854
443,-10,22932
444,-10,22964
445,-10,23031
446,-10,23094
447,-10,23166
448,-10,23211
449,-10,23288
450,-10,23350
451,-10,23378
452,-10,23426
453,-10,23511
454,-10,23541
455,-10,23566
456,-10,23595
457,-10,23710
458,100,23722
459,-10,23762
460,-10,23792
461,-10,23864
462,-10,23890
463,-10,23953
464,-10,23978
465,-10,24009
466,-10,24045
467,-10,24129
468,-10,24189
469,100,24228
470,-10,24338
471,-10,24404
472,-10,24485
473,-10,24522
474,-10,24602
475,-10,24692
476,-10,24726
477,-10,24782
478,100,24796
479,-10,24826
480,-10,24863
481,-10,24904
482,-10,24987
483,-10,25051
484,-10,25079
485,-10,25168
486,-10,25202
487,100,25271
488,100,25336
489,-10,25374
490,-10,25415
491,-10,25442
492,-10,25496
493,100,25509
494,-10,25546
495,-10,25642
496,-10,25707
497,100,25734
498,-10,25800
499,-10,25867
500,-10,25898
501,-10,25929
502,-10,25989
503,-10,26014
504,-10,26086
505,-10,26123
506,100,26171
507,-10,26239
508,-10,26305
509,-10,26333
510,100,26377
511,-10,26415
512,-10,26442
513,100,26469
514,-10,26534
515,100,26540
516,-10,26605
517,-10,26667
518,-10,26732
519,-10,26802
520,-10,26834
521,-10,26927
522,-10,26955
523,-10,27023
524,-10,27058
525,-10,27131
526,100,27164
527,-10,27191
528,-10,27230
529,-10,27297
530,-10,27329
531,100,27377
532,-10,27440
533,100,27520
534,-10,27557
535,-10,27596
536,-10,27648
537,-10,27674
538,-10,27749
539,-10,27799
540,-10,27828
541,-10,27865
542,-10,27925
543,-10,27950
544,-10,28049
545,-10,28089
546,-10,28119
547,-10,28144
548,100,28190
549,-10,28260
550,-10,28302
551,-10,28346
552,100,28353
553,-10,28413
554,-10,28494
555,-10,28529
556,-10,28558
557,100,28584
558,-10,28612
559,-10,28636
560,-10,28704
561,-10,28730
562,-10,28762
563,-10,28807
564,100,28891
565,-10,28915
566,-10,28959
567,100,29038
568,-10,29061
569,-10,29123
570,-10,29142
571,-10,29214
572,-10,29251
573,-10,29291
574,-10,29333
575,-10,29354
576,-10,29422
577,100,29433
578,-10,29500
579,-10,29536
580,-10,29576
581,-10,29663
582,-10,29719
583,-10,29794
584,100,29805
585,-10,29868
586,-10,29933
587,-10,30003
588,-10,30032
589,-10,30069
590,-10,30104
591,-10,30134
592,-10,30158
593,100,30201
594,-10,30239
595,-10,30311
596,-10,30381
597,-10,30421
598,-10,30490
599,-10,30555
600,100,30609
601,-10,30639
602,100,30749
603,100,30755
604,-10,30781
605,-10,30887
606,-10,30934
607,100,30979
608,-10,31090
609,-10,31131
610,-10,31172
611,-10,31233
612,100,31275
613,100,31323
614,-10,31360
615,-10,31424
616,-10,31457
617,-10,31488
618,-10,31519
619,100,31579
620,100,31626
621,-10,31656
622,-10,31693
623,-10,31764
624,-10,31787
625,-10,31831
626,-10,31908
627,100,31944
628,-10,31973
629,-10,32006
630,-10,32047
631,-10,32084
632,-10,32112
633,-10,32146
634,100,32197
635,-10,32239
636,-10,32302
637,100,32362
638,-10,32391
639,-10,32434
640,-10,32474
641,-10,32512
642,-10,32538
643,-10,32612
644,-10,32653
645,-10,32734
646,-10,32795
647,-10,32838
648,100,32886
649,100,32895
650,-10,32935
651,100,32966
652,-10,33000
653,-10,33047
654,-10,33078
655,100,33104
656,-10,33186
657,-10,33227
658,-10,33343
659,-10,33375
660,-10,33494
661,100,33551
662,-10,33580
663,-10,33619
664,100,33653
665,100,33712
666,-10,33741
667,-10,33812
668,100,33836
669,-10,33913
670,100,33922
671,100,33962
672,-10,34001
673,100,34062
674,100,34071
675,-10,34099
676,-10,34165
677,-10,34213
678,-10,34241
679,-10,34306
680,100,34345
681,-10,34375
682,100,34434
683,100,34482
684,100,34527
685,-10,34561
686,-10,34598
687,100,34646
688,100,34656
689,-10,34697
690,-10,34783
691,100,34865
692,-10,34909
693,-10,34948
694,100,34973
695,-10,35007
696,-10,35042
697,100,35067
698,100,35114
699,100,35123
700,-10,35189
701,100,35209
702,100,35244
703,-10,35273
704,100,35284
705,100,35295
706,-10,35327
707,-10,35498
708,-10,35540
709,-10,35632
710,-10,35675
711,-10,35716
712,-10,35747
713,-10,35842
714,-10,35889
715,-10,35952
716,-10,35994
717,-10,36125
718,-10,36199
719,-10,36232
720,-10,36268
721,-10,36307
722,-10,36340
723,100,36350
724,100,36399
725,100,36411
726,100,36448
727,100,36489
728,-10,36534
729,-10,36597
730,-10,36633
731,100,36674
732,-10,36705
733,100,36725
734,100,36734
735,-10,36774
736,-10,36901
737,100,36912
738,-10,36942
739,100,36965
740,-10,37031
741,-10,37162
742,-10,37203
743,-10,37231
744,-10,37270
745,100,37307
746,100,37348
747,-10,37409
748,-10,37458
749,-10,37544
750,-10,37590
751,100,37623
752,100,37657
753,100,37688
754,100,37825
755,100,37853
756,-10,37896
757,100,37928
758,100,37955
759,100,37967
760,-10,38071
761,100,38102
762,-10,38153
763,-10,38186
764,-10,38231
765,-10,38352
766,100,38395
767,100,38418
768,-10,38457
769,-10,38486
770,-10,38515
771,100,38543
772,100,38654
773,-10,38694
774,100,38786
775,100,38820
776,100,38852
777,100,38884
778,100,38899
779,-10,38945
780,100,38978
781,-10,39083
782,-10,39182
783,-10,39294
784,-10,39342
785,100,39381
786,-10,39413
787,-10,39523
788,100,39531
789,-10,39581
790,100,39621
791,100,39642
792,-10,39749
793,-10,39867
794,-10,39889
795,-10,39929
796,100,39953
797,-10,40122
798,-10,40167
799,-10,40208
800,-10,40237
801,-10,40284
802,-10,40303
803,100,40343
804,-10,40380
805,-10,40423
806,-10,40502
807,100,40528
808,100,40582
809,-10,40662
810,-10,40777
811,100,40789
812,-10,40829
813,-10,40878
814,-10,40939
815,-10,40979
816,100,41019
817,-10,41043
818,-10,41084
819,-10,41202
820,-10,41301
821,100,41313
822,100,41354
823,-10,41427
824,-10,41462
825,100,41506
826,100,41550
827,-10,41640
828,100,41684
829,-10,41737
830,-10,41772
831,100,41806
832,-10,41894
833,100,41958
834,100,41989
835,100,42002
836,-10,42047
837,-10,42079
838,100,42092
839,100,42138
840,-10,42304
841,100,42347
842,100,42383
843,100,42421
844,100,42468
845,100,42518
846,-10,42553
847,100,42599
848,-10,42761
849,100,42772
850,100,42783
851,-10,42833
852,100,42865
853,-10,42909
854,-10,42950
855,100,42991
856,-10,43034
857,100,43127
858,100,43147
859,-10,43343
860,100,43388
861,100,43427
862,-10,43476
863,-10,43598
864,-10,43752
865,100,43779
866,-10,43817
867,-10,43956
868,100,44057
869,-10,44217
870,100,44258
871,-10,44300
872,100,44331
873,100,44364
874,-10,44470
875,-10,44519
876,-10,44630
877,100,44664
878,100,44704
879,100,44753
880,100,44883
881,100,45007
882,100,45048
883,100,45095
884,-10,45136
885,100,45160
886,-10,45212
887,100,45248
888,-10,45285
889,100,45306
890,-10,45344
891,-10,45405
892,100,45438
893,-10,45510
894,100,45654
895,-10,45727
896,100,45736
897,100,45779
898,-10,45885
899,100,46062
900,100,46079
901,100,46115
902,100,46155
903,-10,46218
904,100,46280
905,100,46385
906,-10,46415
907,100,46462
908,100,46485
909,100,46492
910,100,46536
911,-10,46630
912,-10,46686
913,-10,46733
914,-10,46780
915,-10,46854
916,100,46890
917,100,46927
918,100,46954
919,-10,47001
920,100,47032
921,100,47100
922,-10,47150
923,100,47203
924,100,47253
925,100,47298
926,-10,47332
927,-10,47383
928,100,47408
929,100,47426
930,100,47444
931,100,47486
932,-10,47541
933,100,47554
934,100,47585
935,100,47617
936,100,47658
937,-10,47708
938,100,47764
939,100,47815
940,-10,47866
941,100,47892
942,-10,47932
943,100,48166
944,-10,48323
945,-10,48402
946,-10,48456
947,100,48482
948,-10,48541
949,-10,48596
950,100,48645
951,-10,48670
952,100,48702
953,-10,48731
954,100,48758
955,100,48791
956,-10,48822
957,100,48856
958,100,48886
959,-10,48980
960,100,48995
961,100,49017
962,100,49058
963,100,49094
964,100,49140
965,100,49187
966,100,49210
967,100,49216
968,-10,49330
969,-10,49445
970,100,49492
971,100,49534
972,-10,49588
973,-10,49723
974,100,49744
975,100,49776
976,-10,49831
977,-10,49897
978,-10,49944
979,-10,50007
980,100,50065
981,-10,50111
982,100,50144
983,100,50179
984,-10,50215
985,100,50246
986,-10,50289
987,100,50339
988,-10,50502
989,100,50537
990,100,50581
991,100,50615
992,-10,50653
993,100,50674
994,100,50723
995,100,50743
996,100,50809
997,100,50846
998,100,50872
999,-10,50925
1000,100,50992
1001,100,51044
1002,-10,51096
1003,-10,51139
1004,100,51175
1005,-10,51229
1006,100,51280
1007,-10,51323
1008,-10,51373
1009,100,51639
1010,100,51670
1011,100,51735
1012,100,51777
1013,100,51838
1014,-10,51991
1015,100,52003
1016,100,52052
1017,100,52071
1018,-10,52172
1019,-10,52375
1020,100,52440
1021,100,52472
1022,100,52482
1023,100,52497
1024,100,52525
1025,-10,52587
1026,100,52642
1027,100,52677
1028,100,52690
1029,100,52766
1030,100,52799
1031,100,52852
1032,100,52872
1033,100,52913
1034,-10,52958
1035,-10,53010
1036,-10,53046
1037,-10,53091
1038,100,53123
1039,100,53163
1040,100,53193
1041,-10,53286
1042,-10,53311
1043,100,53385
1044,100,53396
1045,-10,53446
1046,-10,53572
1047,100,53682
1048,-10,53768
1049,-10,53854
1050,100,54068
1051,100,54097
1052,100,54124
1053,-10,54200
1054,100,54297
1055,100,54345
1056,100,54419
1057,-10,54491
1058,-10,54566
1059,-10,54610
1060,100,54644
1061,100,54668
1062,-10,54740
1063,100,54754
1064,-10,54849
1065,100,54878
1066,-10,54925
1067,100,54959
1068,-10,55007
1069,100,55070
1070,100,55077
1071,-10,55151
1072,100,55192
1073,-10,55232
1074,100,55441
1075,100,55484
1076,100,55537
1077,-10,55578
1078,100,55680
1079,-10,55716
1080,100,55775
1081,-10,55807
1082,100,55886
1083,100,55925
1084,100,55958
1085,100,55991
1086,100,56031
1087,100,56077
1088,-10,56149
1089,100,56225
1090,100,56277
1091,100,56351
1092,100,56391
1093,100,56407
1094,-10,56444
1095,100,56497
1096,100,56531
1097,100,56554
1098,-10,56598
1099,100,56644
1100,100,56651
1101,100,56692
1102,100,56774
1103,100,56788
1104,100,56814
1105,100,56849
1106,-10,57014
1107,100,57057
1108,-10,57084
1109,100,57106
1110,100,57170
1111,-10,57253
1112,100,57315
1113,100,57349
1114,100,57424
1115,-10,57478
1116,100,57543
1117,100,57571
1118,-10,57622
1119,100,57664
1120,100,57694
1121,100,57793
1122,100,57837
1123,100,57886
1124,100,57954
1125,100,57999
1126,100,58042
1127,100,58075
1128,100,58276
1129,-10,58313
1130,100,58371
1131,100,58407
1132,100,58417
1133,-10,58511
1134,-10,58557
1135,100,58581
1136,100,58601
1137,-10,58736
1138,100,58788
1139,100,58809
1140,100,58899
1141,100,58945
1142,100,58998
1143,-10,59084
1144,-10,59148
1145,100,59187
1146,100,59230
1147,100,59312
1148,100,59365
1149,-10,59425
1150,100,59477
1151,100,59530
1152,100,59565
1153,100,59611
1154,100,59700
1155,100,59733
1156,100,59808
1157,100,59828
1158,-10,59862
1159,100,59923
1160,100,60012
1161,100,60122
1162,100,60314
1163,-10,60349
1164,100,60371
1165,100,60427
1166,100,60452
1167,100,60498
1168,100,60561
1169,100,60591
1170,-10,60662
1171,100,60686
1172,-10,60843
1173,100,60867
1174,-10,60917
1175,-10,60963
1176,100,60974
1177,100,60994
1178,-10,61127
1179,-10,61158
1180,100,61180
1181,100,61233
1182,100,61295
1183,100,61325
1184,100,61419
1185,100,61445
1186,100,61494
1187,100,61599
1188,-10,61625
1189,100,61637
1190,-10,61704
1191,-10,61749
1192,100,61788
1193,100,61871
1194,-10,62020
1195,-10,62070
1196,100,62117
1197,100,62162
1198,100,62182
1199,-10,62216
1200,100,62260
1201,100,62292
1202,-10,62321
1203,-10,62370
1204,-10,62487
1205,100,62518
1206,100,62532
1207,-10,62855
1208,100,62879
1209,-10,62913
1210,100,62934
1211,100,62999
1212,100,63024
1213,100,63073
1214,-10,63128
1215,100,63144
1216,100,63166
1217,-10,63312
1218,100,63345
1219,-10,63480
1220,-10,63537
1221,-10,63598
1222,-10,63666
1223,100,63685
1224,100,63711
1225,-10,63758
1226,100,63964
1227,100,64011
1228,-10,64052
1229,100,64086
1230,100,64106
1231,100,64138
1232,100,64153
1233,100,64182
1234,100,64292
1235,100,64319
1236,-10,64371
1237,100,64404
1238,100,64469
1239,100,64495
1240,100,64519
1241,100,64546
1242,-10,64604
1243,100,64669
1244,100,64697
1245,100,64765
1246,100,64794
1247,100,65204
1248,100,65211
1249,-10,65261
1250,-10,65389
1251,-10,65430
1252,100,65480
1253,100,65503
1254,100,65554
1255,-10,65723
1256,-10,65819
1257,100,65850
1258,-10,65902
1259,-10,65938
1260,-10,66022
1261,100,66065
1262,100,66100
1263,-10,66148
1264,-10,66190
1265,100,66235
1266,100,66321
1267,-10,66369
1268,100,66396
1269,100,66430
1270,100,66521
1271,100,66563
1272,-10,66647
1273,100,66693
1274,-10,66838
1275,100,66887
1276,100,67000
1277,100,67015
1278,100,67156
1279,100,67282
1280,100,67318
1281,100,67328
1282,100,67380
1283,-10,67431
1284,100,67463
1285,100,67508
1286,100,67564
1287,-10,67690
1288,100,67717
1289,100,67757
1290,-10,67818
1291,100,67848
1292,100,67932
1293,100,67982
1294,-10,68008
1295,100,68040
1296,100,68222
1297,100,68382
1298,-10,68430
1299,100,68476
1300,-10,68519
1301,100,68546
1302,100,68610
1303,-10,68660
1304,100,68678
1305,-10,68729
1306,100,68796
1307,100,68813
1308,100,68844
1309,-10,68948
1310,100,68988
1311,100,69001
1312,100,69158
1313,100,69311
1314,100,69385
1315,100,69421
1316,100,69470
1317,100,69519
1318,100,69569
1319,100,69634
1320,-10,69673
1321,100,69716
1322,100,69748
1323,100,69775
1324,100,69804
1325,-10,69848
1326,100,69970
1327,100,70050
1328,100,70085
1329,-10,70128
1330,100,70185
1331,100,70210
1332,100,70243
1333,-10,70297
1334,-10,70341
1335,100,70459
1336,100,70511
1337,100,70583
1338,100,70595
1339,100,70703
1340,100,70712
1341,100,70748
1342,100,70793
1343,100,70828
1344,-10,70876
1345,100,70961
1346,-10,71013
1347,-10,71056
1348,100,71085
1349,100,71106
1350,100,71203
1351,-10,71227
1352,-10,71263
1353,100,71287
1354,100,71345
1355,100,71377
1356,100,71434
1357,100,71445
1358,100,71472
1359,100,71514
1360,100,71626
1361,100,71659
1362,100,71687
1363,100,71773
1364,100,71818
1365,100,71875
1366,-10,71926
1367,100,71985
1368,-10,72038
1369,-10,72073
1370,100,72136
1371,100,72171
1372,100,72215
1373,100,72236
1374,100,72259
1375,-10,72303
1376,100,72374
1377,100,72412
1378,100,72441
1379,100,72477
1380,100,72513
1381,100,72561
1382,100,72649
1383,-10,72703
1384,100,72767
1385,-10,72944
1386,100,72990
1387,100,73030
1388,100,73107
1389,100,73133
1390,100,73152
1391,100,73231
1392,-10,73268
1393,100,73297
1394,100,73351
1395,100,73386
1396,100,73451
1397,100,73483
1398,100,73504
1399,100,73551
1400,100,73627
1401,100,73667
1402,100,73730
1403,100,73797
1404,100,73828
1405,100,73902
1406,100,73930
1407,-10,73976
1408,100,74037
1409,100,74090
1410,-10,74123
1411,-10,74201
1412,100,74240
1413,100,74330
1414,100,74365
1415,100,74411
1416,100,74446
1417,-10,74505
1418,100,74518
1419,-10,74556
1420,100,74597
1421,-10,74636
1422,100,74695
1423,100,74747
1424,100,74757
1425,100,74792
1426,-10,74845
1427,100,74873
1428,100,74917
1429,100,74956
1430,100,74995
1431,100,75054
1432,100,75096
1433,100,75137
1434,100,75165
1435,100,75207
1436,100,75236
1437,100,75401
1438,100,75421
1439,100,75470
1440,100,75477
1441,100,75508
1442,100,75530
1443,100,75574
1444,100,75617
1445,100,75650
1446,100,75684
1447,100,75719
1448,-10,75753
1449,100,75769
1450,100,75822
1451,100,75831
1452,-10,75899
1453,100,75930
1454,100,75963
1455,100,76124
1456,100,76135
1457,100,76169
1458,100,76199
1459,100,76235
1460,100,76276
1461,100,76348
1462,-10,76390
1463,100,76429
1464,100,76487
1465,100,76550
1466,-10,76585
1467,100,76663
1468,100,76724
1469,100,76749
1470,100,76772
1471,100,76834
1472,-10,76867
1473,100,76898
1474,100,76932
1475,100,76953
1476,100,77127
1477,-10,77182
1478,-10,77246
1479,-10,77294
1480,100,77350
1481,100,77360
1482,100,77393
1483,-10,77441
1484,100,77562
1485,-10,77782
1486,-10,77844
1487,100,77870
1488,100,77919
1489,100,77984
1490,100,78030
1491,100,78043
1492,100,78154
1493,100,78193
1494,100,78217
1495,100,78264
1496,100,78305
1497,100,78335
1498,100,78369
1499,-10,78409
1500,100,78434
1501,100,78474
1502,-10,78542
1503,100,78609
1504,100,78646
1505,-10,78703
1506,-10,78817
1507,-10,78860
1508,-10,78901
1509,100,78943
1510,-10,79164
1511,100,79188
1512,100,79243
1513,100,79288
1514,-10,79335
1515,-10,79367
1516,100,79406
1517,100,79442
1518,-10,79490
1519,100,79635
1520,100,79662
1521,100,79724
1522,100,79802
1523,-10,79954
1524,100,80041
1525,100,80118
1526,100,80144
1527,100,80275
1528,-10,80342
1529,100,80473
1530,-10,80669
1531,100,80699
1532,100,80769
1533,100,80790
1534,100,80878
1535,100,80938
1536,100,80991
1537,100,81000
1538,100,81009
1539,100,81019
1540,-10,81086
1541,100,81109
1542,100,81185
1543,100,81238
1544,100,81273
1545,100,81308
1546,100,81332
1547,100,81364
1548,100,81405
1549,100,81469
1550,-10,81592
1551,100,81628
1552,100,81705
1553,100,81812
1554,-10,81844
1555,-10,81926
1556,100,81953
1557,100,82085
1558,100,82128
1559,-10,82179
1560,-10,82253
1561,100,82275
1562,100,82316
1563,100,82379
1564,100,82411
1565,100,82430
1566,-10,82459
1567,-10,82519
1568,100,82546
1569,100,82568
1570,-10,82626
1571,100,82667
1572,100,82738
1573,100,82770
1574,100,82803
1575,100,82844
1576,100,82873
1577,-10,82951
1578,100,82991
1579,100,83022
1580,100,83046
1581,100,83117
1582,-10,83144
1583,100,83183
1584,100,83196
1585,100,83231
1586,100,83449
1587,100,83495
1588,100,83528
1589,100,83537
1590,100,83569
1591,100,83601
1592,100,83646
1593,-10,83693
1594,100,83761
1595,-10,83835
1596,100,83843
1597,100,83877
1598,100,83897
1599,100,83925
1600,100,84017
1601,100,84110
1602,100,84161
1603,100,84181
1604,100,84228
1605,100,84241
1606,100,84252
1607,-10,84295
1608,100,84335
1609,100,84404
1610,100,84479
1611,-10,84534
1612,100,84617
1613,100,84649
1614,100,84730
1615,-10,84772
1616,-10,84840
1617,100,84878
1618,100,84914
1619,100,84926
1620,100,84961
1621,100,84982
1622,100,85005
1623,100,85041
1624,100,85076
1625,100,85139
1626,100,85148
1627,100,85179
1628,100,85406
1629,-10,85434
1630,-10,85501
1631,100,85553
1632,100,85593
1633,100,85666
1634,100,85726
1635,100,85760
1636,100,85794
1637,100,85847
1638,100,85880
1639,-10,85961
1640,-10,86026
1641,100,86059
1642,100,86177
1643,-10,86230
1644,100,86284
1645,100,86309
1646,100,86353
1647,-10,86400
1648,-10,86431
1649,-10,86475
1650,100,86494
1651,100,86522
1652,100,86609
1653,100,86642
1654,100,86670
1655,100,86678
1656,100,86710
1657,-10,86755
1658,100,86791
1659,100,86838
1660,100,86873
1661,100,86995
1662,100,87186
1663,100,87222
1664,100,87231
1665,100,87281
1666,-10,87328
1667,100,87363
1668,100,87416
1669,100,87498
1670,100,87540
1671,100,87568
1672,100,87615
1673,100,87657
1674,-10,87688
1675,-10,87758
1676,100,87814
1677,100,87912
1678,100,87931
1679,-10,88000
1680,100,88012
1681,-10,88068
1682,100,88105
1683,-10,88257
1684,100,88302
1685,-10,88560
1686,100,88597
1687,100,88678
1688,-10,88700
1689,100,88772
1690,-10,89059
1691,100,89097
1692,100,89207
1693,100,89220
1694,-10,89279
1695,100,89305
1696,100,89334
1697,-10,89385
1698,100,89439
1699,100,89514
1700,100,89525
1701,-10,89632
1702,100,89651
1703,100,89681
1704,-10,89748
1705,100,89776
1706,100,89852
1707,-10,89904
1708,100,89914
1709,100,90024
1710,100,90079
1711,100,90150
1712,100,90177
1713,100,90246
1714,100,90268
1715,100,90324
1716,100,90375
1717,100,90423
1718,100,90456
1719,-10,90503
1720,100,90550
1721,100,90598
1722,-10,90666
1723,-10,90766
1724,100,90816
1725,100,90833
1726,100,90865
1727,100,90896
1728,100,90914
1729,100,90944
1730,100,90992
1731,100,91026
1732,100,91063
1733,100,91083
1734,-10,91106
1735,100,91430
1736,100,91460
1737,100,91503
1738,100,91551
1739,-10,91608
1740,100,91650
1741,100,91678
1742,100,91922
1743,100,91999
1744,100,92033
1745,-10,92063
1746,100,92114
1747,100,92139
1748,-10,92260
1749,-10,92290
1750,-10,92358
1751,100,92377
1752,100,92448
1753,100,92496
1754,100,92545
1755,100,92627
1756,-10,92649
1757,-10,92687
1758,100,92727
1759,100,92749
1760,100,92781
1761,-10,92855
1762,100,92905
1763,100,92947
1764,-10,92997
1765,-10,93050
1766,100,93129
1767,100,93150
1768,100,93178
1769,100,93244
1770,-10,93299
1771,100,93346
1772,-10,93379
1773,100,93521
1774,100,93547
1775,100,93588
1776,100,93636
1777,100,93718
1778,-10,93907
1779,100,93932
1780,100,93972
1781,100,93992
1782,100,94049
1783,100,94087
1784,-10,94121
1785,100,94174
1786,-10,94236
1787,100,94270
1788,-10,94317
1789,-10,94355
1790,100,94373
1791,100,94408
1792,100,94480
1793,100,94499
1794,-10,94616
1795,-10,94730
1796,100,94861
1797,-10,94892
1798,100,94923
1799,100,94944
1800,100,94975
1801,-10,95133
1802,100,95196
1803,-10,95236
1804,-10,95274
1805,100,95305
1806,100,95327
1807,-10,95405
1808,100,95468
1809,-10,95673
1810,100,95733
1811,100,95790
1812,100,95926
1813,100,95990
1814,100,96025
1815,100,96055
1816,100,96109
1817,100,96152
1818,-10,96258
1819,100,96309
1820,100,96397
1821,100,96419
1822,100,96457
1823,-10,96493
1824,100,96613
1825,100,97045
1826,100,97079
1827,-10,97113
1828,100,97152
1829,100,97172
1830,100,97255
1831,100,97605
1832,100,97631
1833,100,97701
1834,100,97724
1835,-10,97786
1836,-10,97834
1837,100,97881
1838,100,97922
1839,-10,97947
1840,100,98030
1841,100,98081
1842,100,98121
1843,100,98130
1844,-10,98180
1845,100,98220
1846,100,98318
1847,-10,98345
1848,100,98421
1849,100,98462
1850,-10,98502
1851,100,98557
1852,100,98622
1853,-10,98668
1854,100,98679
1855,100,98727
1856,-10,98764
1857,-10,98844
1858,100,98903
1859,100,98981
1860,100,98991
1861,100,99079
1862,-10,99137
1863,100,99171
1864,100,99205
1865,-10,99238
1866,-10,99282
1867,100,99330
1868,100,99358
1869,100,99406
1870,100,99425
1871,100,99466
1872,100,99593
1873,100,99616
1874,100,99669
1875,100,99709
1876,-10,99808
1877,100,99828
1878,100,99904
1879,100,99969
1880,100,100000
1881,100,100041
1882,100,100081
1883,100,100192
1884,100,100211
1885,100,100233
1886,100,100266
1887,100,100316
1888,100,100345
1889,100,100367
1890,100,100445
1891,100,100465
1892,100,100546
1893,100,100626
1894,-10,100657
1895,100,100691
1896,-10,100876
1897,100,100908
1898,100,101007
1899,-10,101069
1900,100,101096
1901,100,101135
1902,100,101167
1903,-10,101208
1904,100,101264
1905,100,101303
1906,-10,101381
1907,-10,101414
1908,100,101451
1909,100,101510
1910,-10,101561
1911,100,101654
1912,100,101729
1913,100,101792
1914,-10,101832
1915,-10,101999
1916,100,102020
1917,100,102063
1918,100,102104
1919,100,102147
1920,100,102182
1921,100,102216
1922,-10,102243
1923,-10,102286
1924,100,102356
1925,100,102390
1926,100,102409
1927,-10,102456
1928,100,102489
1929,-10,102696
1930,100,102706
1931,100,102728
1932,100,102759
1933,-10,102819
1934,100,102862
1935,100,102883
1936,-10,103137
1937,100,103146
1938,100,103174
1939,100,103256
1940,-10,103313
1941,100,103323
1942,100,103383
1943,100,103418
1944,100,103501
1945,100,103554
1946,100,103624
1947,100,103659
1948,100,103738
1949,100,103750
1950,100,103834
1951,100,103862
1952,100,103871
1953,-10,104054
1954,100,104074
1955,-10,104115
1956,100,104194
1957,100,104222
1958,100,104268
1959,100,104287
1960,100,104390
1961,-10,104447
1962,100,104501
1963,100,104545
1964,100,104602
1965,-10,104649
1966,100,104680
1967,100,104687
1968,100,104697
1969,100,104707
1970,100,104743
1971,-10,104974
1972,100,104994
1973,100,105035
1974,100,105072
1975,-10,105123
1976,-10,105176
1977,100,105215
1978,100,105330
1979,100,105359
1980,-10,105404
1981,100,105434
1982,100,105468
1983,100,105497
1984,100,105572
1985,100,105615
1986,100,105645
1987,-10,105692
1988,100,105736
1989,100,105767
1990,100,105819
1991,100,105859
1992,100,105900
1993,100,105911
1994,100,105956
1995,100,106008
1996,100,106046
1997,100,106075
1998,100,106095
1999,100,106198
2000,-10,106390
2001,100,106397
2002,100,106424
2003,100,106509
2004,100,106542
2005,100,106579
2006,-10,106720
2007,100,106750
2008,-10,106782
2009,-10,106815
2010,100,106828
2011,-10,106866
2012,100,106933
2013,100,106982
2014,-10,107024
2015,100,107058
2016,100,107109
2017,100,107158
2018,100,107191
2019,100,107205
2020,100,107284
2021,-10,107327
2022,100,107349
2023,100,107397
2024,100,107467
2025,100,107550
2026,100,107582
2027,100,107593
2028,-10,107662
2029,100,107709
2030,-10,107777
2031,100,107806
2032,-10,107839
2033,100,107883
2034,100,107902
2035,100,107922
2036,100,108106
2037,100,108152
2038,100,108171
2039,-10,108246
2040,100,108283
2041,100,108398
2042,-10,108428
2043,100,108458
2044,-10,108496
2045,100,108726
2046,100,108768
2047,-10,108827
2048,100,108868
2049,100,108899
2050,100,108940
2051,100,108986
2052,-10,109091
2053,100,109110
2054,-10,109200
2055,100,109241
2056,100,109260
2057,100,109305
2058,100,109322
2059,100,109408
2060,-10,109456
2061,100,109515
2062,100,109609
2063,100,109645
2064,-10,109692
2065,100,109726
2066,100,109741
2067,-10,109764
2068,100,109810
2069,100,110120
2070,-10,110175
2071,100,110201
2072,-10,110230
2073,100,110309
2074,100,110341
2075,100,110371
2076,100,110438
2077,-10,110486
2078,100,110563
2079,100,110806
2080,100,110900
2081,-10,111014
2082,100,111043
2083,100,111089
2084,100,111135
2085,100,111184
2086,100,111251
2087,-10,111344
2088,100,111374
2089,100,111386
2090,-10,111465
2091,100,111476
2092,-10,111724
2093,100,111765
2094,100,111795
2095,100,111828
2096,-10,111898
2097,100,111999
2098,100,112023
2099,100,112034
2100,100,112226
2101,-10,112253
2102,100,112350
2103,100,112399
2104,100,112647
2105,100,112683
2106,-10,112948
2107,100,112973
2108,100,113019
2109,-10,113197
2110,-10,113318
2111,100,113392
2112,100,113413
2113,100,113498
2114,100,113529
2115,-10,113756
2116,100,113790
2117,100,113833
2118,100,113859
2119,100,113903
2120,-10,113941
2121,-10,113968
2122,100,114055
2123,100,114127
2124,100,114176
2125,-10,114308
2126,100,114329
2127,100,114341
2128,100,114360
2129,100,114399
2130,100,114581
2131,100,114813
2132,100,114832
2133,100,114876
2134,100,114920
2135,100,114951
2136,-10,114986
2137,100,115063
2138,100,115146
2139,100,115232
2140,100,115266
2141,100,115287
2142,100,115327
2143,100,115345
2144,100,115410
2145,100,115603
2146,-10,115666
2147,100,115749
2148,100,115821
2149,100,115866
2150,100,115901
2151,100,115946
2152,100,115994
2153,100,116073
2154,100,116172
2155,-10,116257
2156,-10,116285
2157,100,116322
2158,100,116358
2159,100,116388
2160,100,116398
2161,100,116431
2162,100,116477
2163,-10,116518
2164,100,116590
2165,100,116635
2166,100,116666
2167,100,116698
2168,100,116729
2169,-10,116827
2170,100,116864
2171,100,116891
2172,100,116995
2173,-10,117033
2174,100,117080
2175,100,117123
2176,100,117157
2177,100,117199
2178,100,117243
2179,-10,117391
2180,100,117420
2181,-10,117791
2182,100,117803
2183,-10,117933
2184,-10,118054
2185,-10,118085
2186,100,118160
2187,100,118207
2188,100,118255
2189,100,118290
2190,100,118393
2191,-10,118444
2192,100,118467
2193,100,118513
2194,100,118560
2195,100,118591
2196,100,118690
2197,100,118739
2198,100,118769
2199,100,118798
2200,100,118840
2201,100,118883
2202,100,118916
2203,100,118964
2204,100,118974
2205,-10,119041
2206,100,119077
2207,100,119113
2208,100,119205
2209,-10,119362
2210,100,119402
2211,100,119441
2212,100,119466
2213,100,119475
2214,100,119523
2215,-10,119561
2216,-10,119605
2217,-10,119645
2218,-10,119683
2219,-10,119818
2220,-10,119931
2221,100,119970
2222,100,120016
2223,100,120056
2224,-10,120123
2225,-10,120148
2226,100,120195
2227,-10,120246
2228,-10,120303
2229,-10,120435
2230,-10,120520
2231,-10,120725
2232,100,120767
2233,100,120803
2234,-10,120831
2235,100,120856
2236,100,120888
2237,100,120930
2238,-10,120978
2239,100,121021
2240,100,121051
2241,100,121080
2242,-10,121119
2243,100,121140
2244,100,121187
2245,100,121211
2246,100,121233
2247,-10,121333
2248,100,121358
2249,-10,121435
2250,-10,121515
2251,100,121614
2252,100,121623
2253,100,121657
2254,100,121704
2255,100,121745
2256,100,121780
2257,100,121812
2258,100,121856
2259,100,121904
2260,100,121969
2261,-10,121997
2262,100,122038
2263,100,122049
2264,100,122088
2265,-10,122116
2266,100,122139
2267,100,122162
2268,100,122183
2269,100,122204
2270,100,122228
2271,-10,122264
2272,100,122292
2273,100,122330
2274,-10,122402
2275,100,122430
2276,100,122453
2277,100,122463
2278,100,122472
2279,100,122492
2280,-10,122515
2281,100,122557
2282,100,122589
2283,-10,122613
2284,100,122647
2285,100,122677
2286,100,122744
2287,100,122772
2288,100,122818
2289,100,122829
2290,100,122872
2291,100,122911
2292,100,122951
2293,100,123052
2294,-10,123085
2295,-10,123133
2296,100,123190
2297,100,123228
2298,-10,123398
2299,100,123483
2300,100,123536
2301,-10,123745
2302,100,123787
2303,100,123840
2304,100,123875
2305,100,123898
2306,100,124150
2307,100,124225
2308,100,124283
2309,-10,124379
2310,100,124417
2311,100,124500
2312,100,124534
2313,100,124555
2314,-10,124618
2315,100,124798
2316,-10,124851
2317,100,124939
2318,100,124979
2319,100,125066
2320,100,125116
2321,100,125152
2322,100,125174
2323,100,125353
2324,100,125383
2325,-10,125457
2326,100,125487
2327,100,125521
2328,100,125751
2329,100,125784
2330,100,125806
2331,100,125831
2332,100,125861
2333,-10,125954
2334,100,126034
2335,-10,126064
2336,-10,126214
2337,100,126244
2338,100,126265
2339,-10,126335
2340,100,126372
2341,-10,126505
2342,100,126551
2343,100,126574
2344,100,126615
2345,100,126666
2346,-10,126720
2347,100,126774
2348,-10,126813
2349,100,126861
2350,100,126873
2351,100,126884
2352,100,126960
2353,100,127010
2354,-10,127069
2355,100,127099
2356,100,127136
2357,100,127157
2358,-10,127261
2359,100,127288
2360,100,127318
2361,-10,127437
2362,100,127478
2363,100,127520
2364,-10,127543
2365,-10,127604
2366,-10,127648
2367,100,127765
2368,100,127801
2369,100,127810
2370,100,127833
2371,-10,128094
2372,100,128133
2373,100,128167
2374,100,128236
2375,100,128341
2376,100,128407
2377,100,128427
2378,100,128526
2379,100,128553
2380,100,128591
2381,100,128627
2382,100,128669
2383,100,128748
2384,100,128786
2385,-10,128892
2386,100,128941
2387,100,129046
2388,-10,129088
2389,100,129474
2390,100,129510
2391,100,129543
2392,100,129569
2393,-10,129607
2394,100,129635
2395,100,129669
2396,100,129711
2397,100,129734
2398,100,129813
2399,100,129892
2400,100,130002
2401,100,130035
2402,100,130149
2403,100,130169
2404,100,130212
2405,100,130250
2406,100,130297
2407,100,130410
2408,-10,130452
2409,100,130473
2410,100,130490
2411,100,130512
2412,100,130557
2413,100,130627
2414,-10,130670
2415,-10,130710
2416,100,130898
2417,100,130919
2418,100,130960
2419,-10,130996
2420,100,131035
2421,-10,131165
2422,-10,131190
2423,100,131348
2424,100,131368
2425,100,131455
2426,100,131483
2427,-10,131528
2428,100,131549
2429,100,131724
2430,100,131770
2431,100,131815
2432,100,131857
2433,100,131899
2434,100,131934
2435,-10,131977
2436,100,132027
2437,100,132039
2438,100,132108
2439,-10,132254
2440,-10,132288
2441,100,132317
2442,100,132448
2443,100,132474
2444,-10,132511
2445,-10,132548
2446,100,132595
2447,100,132606
2448,100,132637
2449,100,132696
2450,100,132729
2451,-10,132757
2452,100,132779
2453,100,132817
2454,100,132847
2455,100,132879
2456,100,132900
2457,-10,132943
2458,100,132965
2459,-10,133005
2460,-10,133030
2461,-10,133051
2462,100,133124
2463,100,133143
2464,-10,133189
2465,100,133220
2466,100,133237
2467,100,133274
2468,100,133318
2469,100,133350
2470,100,133393
2471,100,133406
2472,-10,133627
2473,-10,133833
2474,-10,133975
2475,100,134000
2476,-10,134137
2477,-10,134182
2478,100,134220
2479,100,134301
2480,-10,134335
2481,100,134362
2482,-10,134400
2483,100,134429
2484,100,134475
2485,-10,134515
2486,100,134553
2487,100,134594
2488,-10,134730
2489,-10,134762
2490,100,134817
2491,-10,134877
2492,100,134981
2493,100,135069
2494,100,135099
2495,100,135169
2496,100,135206
2497,100,135507
2498,100,135549
2499,-10,135616
2500,-10,135653
2501,100,135728
2502,-10,135756
2503,100,135798
2504,100,135832
2505,100,135857
2506,-10,135906
2507,100,135945
2508,100,135981
2509,100,136013
2510,100,136048
2511,-10,136101
2512,100,136131
2513,-10,136173
2514,-10,136437
2515,100,136473
2516,-10,136510
2517,100,136561
2518,-10,136914
2519,-10,136955
2520,100,137052
2521,100,137086
2522,100,137118
2523,100,137237
2524,100,137266
2525,100,137307
2526,-10,137449
2527,100,137493
2528,100,137575
2529,100,137664
2530,100,137745
2531,100,137767
2532,100,137873
2533,100,137893
2534,-10,137945
2535,100,137956
2536,-10,138016
2537,-10,138111
2538,-10,138132
2539,100,138163
2540,100,138213
2541,100,138248
2542,100,138287
2543,100,138327
2544,100,138358
2545,100,138390
2546,-10,138433
2547,100,138462
2548,100,138509
2549,100,138530
2550,100,138553
2551,100,138575
2552,100,138610
2553,100,138641
2554,100,138672
2555,-10,138700
2556,-10,138743
2557,100,138774
2558,-10,138799
2559,100,138829
2560,100,138856
2561,100,138879
2562,-10,139025
2563,100,139169
2564,-10,139211
2565,100,139229
2566,100,139410
2567,100,139447
2568,100,139456
2569,100,139490
2570,100,139512
2571,-10,139653
2572,-10,139677
2573,100,139740
2574,-10,139786
2575,-10,139812
2576,100,139855
2577,100,139975
2578,-10,140127
2579,-10,140500
2580,-10,140531
2581,100,140560
2582,100,140568
2583,-10,140595
2584,100,140631
2585,100,140661
2586,100,140705
2587,100,140725
2588,100,140755
2589,-10,140853
2590,100,140882
2591,100,140902
2592,100,140990
2593,100,141038
2594,100,141071
2595,100,141187
2596,100,141204
2597,100,141213
2598,-10,141262
2599,100,141296
2600,100,141332
2601,100,141353
2602,-10,141496
2603,-10,141564
2604,-10,141620
2605,-10,141646
2606,100,141686
2607,-10,141725
2608,100,141772
2609,100,141812
2610,100,141861
2611,-10,141911
2612,100,141942
2613,100,141986
2614,100,142017
2615,100,142111
2616,100,142136
2617,-10,142185
2618,-10,142208
2619,100,142240
2620,100,142270
2621,100,142277
2622,100,142474
2623,100,142576
2624,100,142617
2625,-10,142646
2626,100,142686
2627,100,142715
2628,-10,142737
2629,-10,142760
2630,100,142842
2631,-10,143138
2632,100,143182
2633,100,143334
2634,100,143345
2635,100,143432
2636,100,143493
2637,100,143514
2638,100,143545
2639,100,143581
2640,-10,143623
2641,-10,143685
2642,100,143720
2643,100,143728
2644,100,143760
2645,100,143839
2646,100,143869
2647,-10,143940
2648,100,143974
2649,-10,144141
2650,-10,144183
2651,100,144209
2652,100,144243
2653,100,144251
2654,100,144287
2655,-10,144317
2656,100,144388
2657,-10,144425
2658,100,144457
2659,100,144493
2660,-10,144524
2661,100,144553
2662,100,144924
2663,-10,144967
2664,100,144989
2665,100,145110
2666,-10,145261
2667,100,145311
2668,-10,145351
2669,-10,145392
2670,100,145421
2671,-10,145450
2672,-10,145688
2673,-10,145743
2674,100,145772
2675,100,145807
2676,100,145835
2677,100,145872
2678,-10,145917
2679,100,145937
2680,100,146196
2681,100,146239
2682,100,146324
2683,100,146512
2684,-10,146554
2685,100,146586
2686,-10,146626
2687,100,146665
2688,-10,146696
2689,100,146729
2690,100,146760
2691,-10,146869
2692,100,146903
2693,100,146913
2694,-10,146964
2695,100,147218
2696,-10,147266
2697,100,147340
2698,100,147384
2699,100,147420
2700,100,147448
2701,100,147479
2702,100,147521
2703,100,147562
2704,100,147601
2705,100,147639
2706,100,147678
2707,100,147698
2708,100,147719
2709,-10,147810
2710,-10,147866
2711,100,148110
2712,100,148141
2713,100,148211
2714,100,148244
2715,100,148270
2716,100,148321
2717,100,148332
2718,100,148377
2719,-10,148714
2720,100,148747
2721,-10,148807
2722,100,148844
2723,100,148881
2724,100,149003
2725,-10,149277
2726,100,149317
2727,100,149349
2728,100,149384
2729,-10,149438
2730,-10,149475
2731,-10,149524
2732,100,149535
2733,100,149627
2734,100,149662
2735,100,149668
2736,100,149708
2737,100,149728
2738,100,149781
2739,100,149800
2740,-10,149999
2741,-10,150063
2742,100,150111
2743,100,150154
2744,100,150196
2745,100,150227
2746,100,150278
2747,-10,150322
2748,100,150345
2749,-10,150440
2750,-10,150537
2751,100,150568
2752,100,150606
2753,-10,150636
2754,-10,150659
2755,-10,150790
2756,-10,150845
2757,100,150914
2758,-10,151006
2759,-10,151506
2760,100,151600
2761,100,151611
2762,100,151786
2763,100,151849
2764,100,151888
2765,100,151931
2766,-10,151958
2767,-10,152031
2768,100,152060
2769,100,152089
2770,100,152126
2771,100,152215
2772,-10,152272
2773,100,152312
2774,100,152341
2775,100,152350
2776,100,152362
2777,100,152419
2778,-10,152471
2779,100,152538
2780,100,152579
2781,100,152760
2782,100,152801
2783,100,152870
2784,100,152898
2785,100,152931
2786,-10,152983
2787,-10,153045
2788,100,153065
2789,100,153095
2790,100,153135
2791,100,153168
2792,100,153189
2793,-10,153228
2794,-10,153384
2795,100,153410
2796,100,153422
2797,100,153453
2798,100,153495
2799,100,153540
2800,100,153560
2801,100,153592
2802,100,153612
2803,-10,153664
2804,100,153703
2805,-10,153739
2806,100,153763
2807,100,153799
2808,100,153823
2809,100,153925
2810,100,154052
2811,100,154081
2812,100,154129
2813,100,154167
2814,100,154203
2815,100,154246
2816,100,154287
2817,100,154399
2818,100,154427
2819,100,154465
2820,-10,154603
2821,100,154642
2822,100,154683
2823,-10,154842
2824,-10,155018
2825,100,155049
2826,-10,155090
2827,100,155111
2828,100,155182
2829,-10,155228
2830,100,155260
2831,100,155405
2832,-10,155459
2833,100,155493
2834,100,155521
2835,100,155553
2836,100,155576
2837,100,155605
2838,100,155655
2839,-10,155796
2840,-10,155961
2841,100,155998
2842,100,156043
2843,100,156074
2844,-10,156260
2845,-10,156287
2846,-10,156353
2847,100,156439
2848,-10,156494
2849,-10,156585
2850,-10,156622
2851,100,156692
2852,100,156776
2853,100,156796
2854,-10,156835
2855,-10,156949
2856,100,156978
2857,100,157015
2858,-10,157061
2859,100,157095
2860,100,157125
2861,-10,157163
2862,100,157186
2863,-10,157229
2864,100,157259
2865,100,157297
2866,100,157470
2867,100,157600
2868,100,157635
2869,-10,157716
2870,100,157761
2871,100,158236
2872,100,158268
2873,100,158305
2874,100,158345
2875,100,158454
2876,-10,158477
2877,100,158489
2878,100,158685
2879,100,158909
2880,100,158921
2881,100,158960
2882,100,159001
2883,100,159031
2884,100,159064
2885,100,159156
2886,-10,159245
2887,100,159287
2888,100,159319
2889,100,159338
2890,100,159380
2891,100,159425
2892,100,159452
2893,-10,159479
2894,100,159512
2895,100,159548
2896,100,159600
2897,100,159634
2898,100,159822
2899,-10,159864
2900,100,159871
2901,100,159907
2902,100,159947
2903,100,159976
2904,100,160035
2905,100,160064
2906,-10,160102
2907,100,160143
2908,100,160182
2909,100,160261
2910,100,160288
2911,100,160326
2912,-10,160590
2913,-10,160647
2914,100,160746
2915,-10,160800
2916,100,160841
2917,-10,160866
2918,-10,161065
2919,-10,161115
2920,100,161150
2921,100,161241
2922,100,161287
2923,100,161334
2924,100,161557
2925,100,161580
2926,100,161626
2927,100,161830
2928,100,161866
2929,100,161970
2930,100,162086
2931,-10,162164
2932,100,162187
2933,100,162224
2934,100,162251
2935,100,162272
2936,100,162284
2937,100,162313
2938,100,162352
2939,100,162377
2940,100,162399
2941,-10,162544
2942,100,162663
2943,100,162682
2944,100,162720
2945,-10,163088
2946,100,163119
2947,100,163207
2948,100,163240
2949,100,163270
2950,100,163323
2951,100,163362
2952,-10,163389
2953,100,163579
2954,-10,163648
2955,100,163679
2956,100,163730
2957,-10,163753
2958,100,163798
2959,-10,163859
2960,100,163882
2961,100,163960
2962,100,163983
2963,100,164021
2964,100,164059
2965,100,164103
2966,100,164136
2967,100,164175
2968,-10,164202
2969,100,164232
2970,-10,164273
2971,100,164296
2972,100,164334
2973,100,164531
2974,100,164564
2975,100,164574
2976,-10,164731
2977,100,164770
2978,-10,164800
2979,100,164834
2980,100,164881
2981,100,164903
2982,100,164911
2983,100,164953
2984,100,164996
2985,-10,165042
2986,100,165135
2987,100,165165
2988,100,165191
2989,100,165239
2990,100,165347
2991,100,165376
2992,-10,165421
2993,-10,165447
2994,100,165502
2995,100,165514
2996,100,165520
2997,100,165559
2998,100,165599
2999,-10,165712
3000,100,165719
3001,100,165731
3002,-10,165776
3003,100,165810
3004,100,165853
3005,-10,165913
3006,100,165926
3007,100,165968
3008,-10,166007
3009,100,166067
3010,-10,166217
3011,100,166247
3012,100,166267
3013,100,166288
3014,-10,166334
3015,100,166359
3016,100,166389
3017,100,166433
3018,100,166458
3019,-10,166503
3020,100,166535
3021,-10,166635
3022,100,166668
3023,100,166902
3024,100,166912
3025,-10,167226
3026,100,167323
3027,100,167522
3028,100,167554
3029,100,167582
3030,100,167628
3031,100,167657
3032,-10,167707
3033,-10,167742
3034,100,167752
3035,-10,167776
3036,-10,167796
3037,100,167819
3038,100,167828
3039,100,167936
3040,100,168026
3041,100,168107
3042,100,168142
3043,100,168194
3044,100,168222
3045,100,168268
3046,100,168277
3047,100,168323
3048,100,168346
3049,100,168357
3050,100,168403
3051,-10,168461
3052,-10,168496
3053,100,168696
3054,100,168730
3055,100,168750
3056,-10,168789
3057,100,168807
3058,100,168837
3059,100,168872
3060,100,168920
3061,100,168956
3062,-10,168993
3063,100,169021
3064,100,169040
3065,100,169084
3066,-10,169112
3067,100,169145
3068,100,169184
3069,100,169219
3070,-10,169249
3071,100,169269
3072,100,169299
3073,100,169459
3074,100,169471
3075,100,169512
3076,100,169536
3077,100,169558
3078,-10,169931
3079,100,169974
3080,-10,170013
3081,100,170036
3082,100,170065
3083,100,170098
3084,100,170132
3085,100,170230
3086,100,170292
3087,100,170331
3088,100,170455
3089,-10,170552
3090,100,170590
3091,100,170634
3092,100,170645
3093,100,170693
3094,-10,170775
3095,100,170802
3096,100,170822
3097,-10,171067
3098,100,171096
3099,100,171145
3100,100,171336
3101,100,171376
3102,100,171400
3103,100,171445
3104,100,171564
3105,-10,171644
3106,100,171655
3107,100,171700
3108,100,171732
3109,-10,171803
3110,100,171848
3111,100,171881
3112,-10,172016
3113,100,172054
3114,100,172286
3115,-10,172350
3116,100,172379
3117,100,172455
3118,100,172479
3119,100,172547
3120,100,173012
3121,100,173022
3122,100,173054
3123,100,173279
3124,100,173311
3125,100,173354
3126,100,173365
3127,100,173397
3128,100,173417
3129,-10,173546
3130,100,173596
3131,100,173616
3132,-10,173952
3133,-10,174130
3134,100,174219
3135,100,174240
3136,100,174254
3137,100,174264
3138,-10,174309
3139,100,174377
3140,100,174449
3141,100,174483
3142,100,174501
3143,100,174545
3144,100,174555
3145,100,174584
3146,-10,174713
3147,-10,174942
3148,100,174976
3149,100,175012
3150,100,175055
3151,-10,175201
3152,100,175222
3153,100,175233
3154,100,175243
3155,-10,175300
3156,100,175336
3157,100,175346
3158,100,175386
3159,100,175425
3160,-10,175501
3161,100,175578
3162,100,175584
3163,-10,175724
3164,100,175899
3165,100,175980
3166,100,175988
3167,100,176026
3168,100,176056
3169,100,176091
3170,-10,176137
3171,100,176158
3172,100,176210
3173,100,176309
3174,100,176334
3175,100,176381
3176,100,176414
3177,-10,176463
3178,100,176497
3179,100,176543
3180,100,176563
3181,100,176607
3182,100,176631
3183,-10,176756
3184,100,176790
3185,-10,176935
3186,-10,176976
3187,100,177041
3188,100,177084
3189,-10,177261
3190,100,177295
3191,100,177326
3192,-10,177346
3193,100,177389
3194,100,177423
3195,-10,177446
3196,100,177490
3197,100,177702
3198,100,177721
3199,100,177760
3200,-10,177810
3201,100,177816
3202,100,177905
3203,100,177994
3204,100,178026
3205,100,178087
3206,100,178273
3207,100,178479
3208,100,178552
3209,-10,178871
3210,-10,178901
3211,100,178943
3212,100,178986
3213,-10,179029
3214,-10,179144
3215,100,179180
3216,100,179221
3217,100,179325
3218,100,179377
3219,-10,179417
3220,100,179448
3221,100,179546
3222,100,179660
3223,-10,179942
3224,100,179982
3225,100,180028
3226,100,180080
3227,100,180116
3228,100,180146
3229,-10,180301
3230,-10,180329
3231,100,180363
3232,100,180582
3233,-10,180622
3234,100,180654
3235,100,180686
3236,100,180726
3237,100,180747
3238,100,180791
3239,100,180825
3240,100,181005
3241,100,181040
3242,100,181049
3243,-10,181103
3244,100,181144
3245,100,181394
3246,-10,181440
3247,100,181484
3248,100,181527
3249,-10,181674
3250,100,181869
3251,100,181921
3252,100,181963
3253,100,182005
3254,-10,182048
3255,100,182077
3256,100,182107
3257,-10,182144
3258,100,182166
3259,-10,182269
3260,-10,182420
3261,100,182468
3262,100,182794
3263,100,182831
3264,-10,182878
3265,100,182904
3266,100,182983
3267,100,183019
3268,100,183064
3269,-10,183103
3270,-10,183242
3271,100,183278
3272,100,183297
3273,-10,183410
3274,100,183454
3275,100,183489
3276,100,183525
3277,100,183568
3278,100,183583
3279,100,183606
3280,100,183636
3281,-10,183664
3282,-10,183691
3283,100,183759
3284,100,183782
3285,-10,183809
3286,100,183843
3287,100,183866
3288,100,183901
3289,-10,183925
3290,100,183997
3291,-10,184021
3292,100,184108
3293,100,184233
3294,-10,184445
3295,100,184469
3296,100,184476
3297,100,184494
3298,100,184524
3299,100,184556
3300,-10,184593
3301,-10,184629
3302,100,184662
3303,100,184688
3304,100,184730
3305,100,184766
3306,100,184797
3307,100,185000
3308,100,185088
3309,100,185172
3310,100,185372
3311,-10,185531
3312,100,185555
3313,100,185599
3314,100,185645
3315,100,185668
3316,100,185745
3317,100,185758
3318,-10,185799
3319,100,185821
3320,-10,186021
3321,100,186151
3322,100,186164
3323,100,186191
3324,100,186210
3325,-10,186264
3326,-10,186306
3327,-10,186456
3328,100,186715
3329,100,186752
3330,-10,186795
3331,100,186847
3332,100,186925
3333,-10,186966
3334,100,186987
3335,-10,187131
3336,100,187174
3337,100,187239
3338,100,187415
3339,100,187455
3340,-10,187505
3341,100,187525
3342,100,187554
3343,100,187566
3344,100,187714
3345,-10,187743
3346,100,187763
3347,-10,187797
3348,100,187818
3349,100,187847
3350,-10,187885
3351,100,187914
3352,100,187947
3353,100,187968
3354,-10,188010
3355,100,188041
3356,-10,188258
3357,-10,188513
3358,100,188547
3359,100,188630
3360,100,188677
3361,100,188708
3362,100,188742
3363,100,188785
3364,-10,188823
3365,-10,189003
3366,100,189082
3367,100,189093
3368,100,189121
3369,100,189161
3370,-10,189306
3371,100,189335
3372,-10,189419
3373,100,189506
3374,100,189513
3375,100,189547
3376,100,189578
3377,100,189609
3378,100,189654
3379,100,189692
3380,100,189713
3381,100,189756
3382,100,189787
3383,100,189864
3384,100,190002
3385,100,190131
3386,100,190366
3387,100,190394
3388,100,190425
3389,-10,190905
3390,100,190951
3391,-10,190991
3392,-10,191022
3393,100,191174
3394,100,191212
3395,100,191308
3396,100,191335
3397,100,191424
3398,100,191450
3399,100,191481
3400,100,191609
3401,100,191700
3402,100,191911
3403,100,191939
3404,100,191971
3405,100,192034
3406,-10,192082
3407,100,192108
3408,100,192133
3409,100,192142
3410,-10,192289
3411,100,192329
3412,-10,192534
3413,100,192564
3414,100,192599
3415,-10,192646
3416,100,192678
3417,100,192711
3418,100,192784
3419,100,192826
3420,100,192849
3421,100,192890
3422,100,192980
3423,100,193078
3424,100,193116
3425,100,193155
3426,100,193190
3427,100,193264
3428,-10,193391
3429,100,193426
3430,100,193469
3431,100,193512
3432,100,193552
3433,100,193593
3434,-10,193617
3435,100,193646
3436,100,193682
3437,100,193703
3438,100,193751
3439,100,193844
3440,100,193881
3441,100,193911
3442,100,194103
3443,100,194339
3444,100,194367
3445,100,194401
3446,-10,194493
3447,100,194502
3448,100,194549
3449,100,194586
3450,100,194636
3451,100,194721
3452,100,194757
3453,100,194806
3454,-10,194840
3455,100,194893
3456,100,195048
3457,-10,195088
3458,100,195140
3459,100,195327
3460,-10,195378
3461,100,195421
3462,100,195443
3463,100,195451
3464,100,195484
3465,100,195494
3466,100,195531
3467,-10,195627
3468,100,195647
3469,100,195679
3470,100,195711
3471,100,195745
3472,-10,195824
3473,100,195845
3474,100,196012
3475,100,196043
3476,100,196086
3477,100,196125
3478,100,196167
3479,100,196196
3480,100,196232
3481,100,196260
3482,100,196291
3483,100,196334
3484,100,196407
3485,100,196446
3486,100,196469
3487,100,196599
3488,100,196642
3489,100,196681
3490,-10,196791
3491,100,196810
3492,100,196859
3493,100,196888
3494,-10,196937
3495,100,196955
3496,-10,197044
3497,100,197076
3498,-10,197320
3499,100,197329
3500,-10,197435
3501,100,197464
3502,100,197492
3503,100,197528
3504,100,197553
3505,100,197595
3506,100,197692
3507,100,197718
3508,-10,197741
3509,-10,198192
3510,100,198215
3511,-10,198237
3512,100,198277
3513,100,198314
3514,100,198353
3515,100,198382
3516,100,198415
3517,100,198499
3518,100,198537
3519,100,198570
3520,100,198608
3521,100,198646
3522,100,198669
3523,100,198848
3524,100,198945
3525,-10,199041
3526,100,199075
3527,100,199107
3528,100,199149
3529,100,199402
3530,100,199421
3531,100,199459
3532,100,199620
3533,100,199650
3534,100,199682
3535,-10,199714
3536,100,199759
3537,-10,199793
3538,100,199840
3539,100,199870
3540,100,199889
3541,-10,200068
3542,100,200102
3543,100,200170
3544,100,200262
3545,100,200308
3546,100,200328
3547,100,200359
3548,-10,200383
3549,100,200416
3550,100,200462
3551,-10,200611
3552,100,200694
3553,100,200904
3554,100,200947
3555,100,200993
3556,100,201004
3557,100,201107
3558,100,201147
3559,100,201178
3560,-10,201218
3561,100,201289
3562,100,201487
3563,100,201528
3564,-10,201596
3565,100,201619
3566,100,201626
3567,100,201637
3568,-10,201943
3569,100,201986
3570,-10,202012
3571,100,202053
3572,-10,202117
3573,100,202161
3574,-10,202202
3575,100,202318
3576,100,202352
3577,-10,202849
3578,100,202887
3579,100,202927
3580,100,202958
3581,100,203138
3582,-10,203190
3583,100,203332
3584,100,203371
3585,100,203403
3586,100,203440
3587,100,203468
3588,100,203515
3589,100,203648
3590,-10,203680
3591,100,203715
3592,100,203734
3593,100,203756
3594,-10,203782
3595,-10,204003
3596,100,204013
3597,100,204045
3598,100,204065
3599,-10,204378
3600,100,204601
3601,100,204609
3602,-10,205026
3603,100,205067
3604,100,205115
3605,100,205153
3606,-10,205183
3607,100,205315
3608,100,205335
3609,100,205366
3610,100,205374
3611,-10,205401
3612,100,205482
3613,100,205515
3614,100,205524
3615,100,205585
3616,-10,205622
3617,-10,205664
3618,100,205682
3619,100,205711
3620,100,205800
3621,-10,205833
3622,-10,205882
3623,-10,205933
3624,100,205964
3625,-10,206122
3626,-10,206151
3627,100,206161
3628,100,206184
3629,100,206192
3630,100,206231
3631,100,206286
3632,100,206329
3633,100,206370
3634,100,206394
3635,100,206424
3636,-10,206466
3637,100,206549
3638,100,206789
3639,100,206795
3640,100,206803
3641,-10,206843
3642,-10,207000
3643,100,207030
3644,100,207114
3645,-10,207161
3646,100,207197
3647,-10,207234
3648,100,207271
3649,100,207301
3650,100,207528
3651,100,207537
3652,100,207560
3653,100,207580
3654,100,207740
3655,100,207807
3656,-10,207850
3657,100,207890
3658,100,207955
3659,100,207998
3660,-10,208034
3661,-10,208083
3662,100,208104
3663,100,208149
3664,-10,208188
3665,100,208222
3666,100,208230
3667,100,208260
3668,-10,208288
3669,100,208308
3670,100,208561
3671,100,208645
3672,100,208682
3673,100,208725
3674,100,208744
3675,100,208870
3676,100,208900
3677,-10,208935
3678,-10,209001
3679,100,209039
3680,100,209051
3681,100,209073
3682,100,209117
3683,100,209149
3684,100,209179
3685,100,209246
3686,100,209335
3687,-10,209555
3688,100,209681
3689,100,209719
3690,100,209750
3691,100,209781
3692,-10,209804
3693,100,209812
3694,100,209842
3695,100,209881
3696,100,209919
3697,100,209950
3698,100,209985
3699,100,210099
3700,-10,210143
3701,100,210156
3702,100,210596
3703,-10,210642
3704,100,210674
3705,-10,210863
3706,100,210902
3707,100,210947
3708,100,210992
3709,100,211215
3710,-10,211265
3711,-10,211307
3712,100,211338
3713,100,211369
3714,100,211415
3715,100,211492
3716,100,211518
3717,100,211550
3718,100,211597
3719,-10,211621
3720,100,211663
3721,100,211709
3722,-10,211750
3723,100,211759
3724,100,211830
3725,100,211975
3726,100,212019
3727,100,212076
3728,100,212110
3729,100,212183
3730,100,212251
3731,100,212285
3732,-10,212387
3733,100,212419
3734,100,212475
3735,100,212513
3736,100,212525
3737,100,212547
3738,100,212594
3739,100,212601
3740,100,212632
3741,100,212668
3742,100,212688
3743,100,212716
3744,100,212790
3745,100,212840
3746,-10,212942
3747,-10,212970
3748,-10,213010
3749,100,213182
3750,-10,213418
3751,-10,213469
3752,100,213552
3753,100,213559
3754,100,213607
3755,100,213650
3756,100,213691
3757,100,213715
3758,100,213738
3759,100,213771
3760,100,213780
3761,-10,213823
3762,100,213832
3763,100,213875
3764,100,213911
3765,100,213934
3766,100,213970
3767,-10,214044
3768,100,214156
3769,100,214177
3770,-10,214210
3771,-10,214235
3772,100,214307
3773,-10,214331
3774,100,214371
3775,-10,214416
3776,100,214463
3777,-10,214918
3778,100,214950
3779,100,214981
3780,100,215013
3781,100,215025
3782,-10,215110
3783,100,215141
3784,-10,215188
3785,100,215214
3786,100,215254
3787,100,215285
3788,-10,215331
3789,-10,215375
3790,-10,215413
3791,100,215446
3792,100,215478
3793,100,215486
3794,100,215522
3795,100,215583
3796,100,215593
3797,100,215612
3798,100,215660
3799,100,215876
3800,-10,215919
3801,-10,215959
3802,100,215991
3803,100,216011
3804,100,216077
3805,100,216118
3806,100,216150
3807,100,216183
3808,100,216196
3809,100,216322
3810,-10,216382
3811,100,216415
3812,-10,216459
3813,100,216505
3814,100,216536
3815,100,216571
3816,100,216616
3817,100,216661
3818,100,216704
3819,100,216904
3820,100,216943
3821,100,217007
3822,100,217038
3823,100,217085
3824,100,217117
3825,100,217139
3826,100,217204
3827,100,217224
3828,100,217254
3829,100,217272
3830,100,217305
3831,-10,217413
3832,100,217444
3833,100,217475
3834,100,217516
3835,100,217525
3836,100,217547
3837,100,217555
3838,100,217585
3839,100,217606
3840,100,217663
3841,100,217739
3842,100,218082
3843,100,218102
3844,100,218138
3845,100,218156
3846,100,218189
3847,-10,218216
3848,-10,218326
3849,100,218359
3850,-10,218516
3851,100,218547
3852,-10,218629
3853,-10,218700
3854,100,218730
3855,100,218773
3856,100,218802
3857,-10,218926
3858,100,218960
3859,100,219007
3860,-10,219090
3861,100,219122
3862,100,219151
3863,100,219181
3864,-10,219226
3865,100,219245
3866,100,219318
3867,100,219362
3868,-10,219454
3869,-10,219517
3870,-10,219568
3871,100,219670
3872,100,219680
3873,100,219715
3874,100,219909
3875,100,219916
3876,100,219982
3877,100,220021
3878,-10,220075
3879,100,220110
3880,-10,220152
3881,100,220179
3882,100,220212
3883,100,220402
3884,100,220459
3885,100,220479
3886,100,220527
3887,100,220569
3888,100,220607
3889,100,220636
3890,100,220657
3891,100,220665
3892,100,220827
3893,100,220839
3894,100,220870
3895,100,220901
3896,-10,220954
3897,100,221003
3898,100,221057
3899,100,221063
3900,100,221182
3901,100,221189
3902,100,221267
3903,100,221333
3904,-10,221382
3905,100,221401
3906,100,221444
3907,-10,221485
3908,100,221516
3909,-10,221659
3910,100,221704
3911,100,221734
3912,100,221754
3913,100,221790
3914,100,221798
3915,100,221819
3916,100,221848
3917,-10,221888
3918,-10,222022
3919,-10,222062
3920,100,222133
3921,100,222251
3922,100,222262
3923,100,222283
3924,100,222303
3925,100,222343
3926,100,222393
3927,100,222438
3928,100,222544
3929,100,222588
3930,100,222612
3931,100,222642
3932,100,222670
3933,-10,222804
3934,-10,222832
3935,100,222872
3936,100,222908
3937,-10,222962
3938,100,222992
3939,-10,223061
3940,100,223153
3941,-10,223189
3942,-10,223252
3943,-10,223344
3944,100,223526
3945,100,223555
3946,100,223587
3947,100,223632
3948,100,223677
3949,100,223723
3950,100,223746
3951,100,223769
3952,100,223791
3953,100,223809
3954,100,223831
3955,100,224032
3956,100,224217
3957,-10,224313
3958,100,224482
3959,100,224508
3960,100,224544
3961,-10,224636
3962,100,224675
3963,100,224841
3964,100,224885
3965,-10,225002
3966,100,225039
3967,100,225067
3968,100,225076
3969,100,225100
3970,100,225171
3971,-10,225219
3972,-10,225266
3973,100,225304
3974,100,225326
3975,100,225368
3976,-10,225455
3977,100,225477
3978,100,225487
3979,100,225519
3980,-10,225589
3981,100,225652
3982,100,225694
3983,100,225726
3984,100,225799
3985,-10,225836
3986,100,225866
3987,100,225895
3988,100,225906
3989,100,226079
3990,100,226256
3991,100,226290
3992,100,226325
3993,100,226355
3994,100,226376
3995,-10,226463
3996,100,226488
3997,100,226524
3998,100,226553
3999,100,226562
4000,100,226596
4001,100,226630
4002,100,226670
4003,100,226714
4004,100,226785
4005,100,226857
4006,100,226927
4007,-10,226954
4008,-10,226983
4009,100,226991
4010,100,227018
4011,100,227043
4012,100,227075
4013,100,227120
4014,100,227132
4015,100,227173
4016,100,227212
4017,-10,227242
4018,100,227429
4019,100,227470
4020,100,227482
4021,100,227615
4022,100,227643
4023,100,227662
4024,100,228016
4025,100,228045
4026,100,228071
4027,100,228104
4028,-10,228331
4029,100,228422
4030,100,228465
4031,100,228476
4032,100,228549
4033,100,228625
4034,-10,228828
4035,100,228861
4036,-10,228916
4037,100,228954
4038,100,228981
4039,100,229012
4040,100,229043
4041,100,229305
4042,100,229325
4043,100,229344
4044,100,229369
4045,100,229395
4046,100,229422
4047,100,229455
4048,100,229500
4049,100,229583
4050,100,229630
4051,100,229818
4052,100,229856
4053,-10,229903
4054,100,229932
4055,100,229942
4056,100,229973
4057,100,230081
4058,100,230125
4059,100,230290
4060,100,230336
4061,-10,230364
4062,-10,230412
4063,100,230444
4064,-10,230482
4065,100,230524
4066,100,230535
4067,100,230601
4068,-10,230658
4069,100,230711
4070,100,230748
4071,100,230793
4072,-10,230856
4073,100,230887
4074,-10,230923
4075,-10,230983
4076,100,231083
4077,100,231118
4078,100,231145
4079,100,231155
4080,100,231252
4081,100,231288
4082,100,231321
4083,100,231337
4084,100,231370
4085,100,231399
4086,-10,231440
4087,-10,231485
4088,-10,231544
4089,100,231567
4090,100,231597
4091,100,231618
4092,100,231639
4093,100,231674
4094,-10,231711
4095,100,231740
4096,100,231768
4097,100,231803
4098,100,231833
4099,100,231861
4100,100,231890
4101,100,231953
4102,100,232041
4103,100,232067
4104,100,232099
4105,100,232131
4106,100,232154
4107,-10,232232
4108,-10,232273
4109,-10,232379
4110,100,232404
4111,100,232416
4112,100,232471
4113,100,232556
4114,100,232588
4115,100,232624
4116,100,232644
4117,100,232677
4118,100,232716
4119,100,232761
4120,100,232801
4121,-10,232844
4122,100,232873
4123,100,232912
4124,100,232934
4125,100,232943
4126,100,232979
4127,100,233007
4128,100,233044
4129,100,233075
4130,100,233088
4131,-10,233129
4132,100,233179
4133,100,233189
4134,100,233364
4135,100,233392
4136,100,233433
4137,100,233472
4138,100,233592
4139,100,233623
4140,100,233752
4141,100,233781
4142,100,233791
4143,100,233809
4144,100,233832
4145,100,233849
4146,100,233877
4147,-10,233920
4148,100,233983
4149,100,234023
4150,100,234095
4151,100,234174
4152,100,234237
4153,100,234258
4154,100,234275
4155,100,234390
4156,-10,234428
4157,-10,234529
4158,100,234567
4159,100,234590
4160,-10,234694
4161,-10,234718
4162,100,234764
4163,-10,234799
4164,100,234929
4165,100,234959
4166,100,234998
4167,-10,235041
4168,100,235067
4169,100,235142
4170,100,235173
4171,100,235236
4172,100,235260
4173,100,235293
4174,100,235366
4175,-10,235411
4176,-10,235452
4177,100,235531
4178,100,235567
4179,100,235596
4180,100,235605
4181,-10,235653
4182,100,235688
4183,-10,235751
4184,100,235782
4185,100,235804
4186,100,235833
4187,100,235869
4188,-10,235970
4189,100,235996
4190,100,236026
4191,-10,236049
4192,100,236080
4193,100,236100
4194,100,236145
4195,100,236166
4196,100,236327
4197,100,236365
4198,100,236398
4199,-10,236451
4200,-10,236614
4201,100,236638
4202,-10,236660
4203,100,236669
4204,-10,236709
4205,-10,236734
4206,100,236864
4207,100,237095
4208,100,237102
4209,100,237139
4210,100,237181
4211,100,237216
4212,-10,237259
4213,100,237301
4214,-10,237368
4215,100,237401
4216,100,237418
4217,100,237424
4218,100,237455
4219,-10,237698
4220,100,237956
4221,-10,238016
4222,100,238040
4223,100,238179
4224,100,238221
4225,100,238298
4226,-10,238385
4227,-10,238421
4228,-10,238554
4229,100,238573
4230,-10,238610
4231,100,238642
4232,100,238696
4233,100,238765
4234,100,238795
4235,100,238816
4236,-10,238911
4237,100,238955
4238,100,238974
4239,100,239045
4240,100,239056
4241,100,239142
4242,100,239174
4243,100,239192
4244,100,239230
4245,100,239342
4246,100,239369
4247,100,239438
4248,100,239462
4249,100,239504
4250,100,239539
4251,100,239550
4252,100,239646
4253,100,239683
4254,100,239713
4255,-10,239749
4256,100,239760
4257,-10,239984
4258,-10,240014
4259,100,240033
4260,100,240073
4261,-10,240184
4262,100,240209
4263,100,240238
4264,100,240257
4265,100,240376
4266,100,240413
4267,100,240452
4268,-10,240563
4269,-10,240603
4270,100,240640
4271,100,240674
4272,100,240708
4273,100,240795
4274,-10,240846
4275,-10,240887
4276,100,240916
4277,100,240934
4278,100,240966
4279,100,241073
4280,100,241107
4281,100,241142
4282,100,241189
4283,100,241209
4284,100,241238
4285,100,241344
4286,100,241352
4287,-10,241438
4288,100,241447
4289,-10,241533
4290,100,241608
4291,100,241654
4292,100,241694
4293,-10,241737
4294,100,241785
4295,100,241805
4296,100,241818
4297,100,241857
4298,100,241880
4299,-10,241902
4300,-10,242001
4301,100,242008
4302,100,242058
4303,100,242085
4304,-10,242133
4305,100,242208
4306,-10,242244
4307,100,242290
4308,-10,242501
4309,100,242535
4310,100,242544
4311,-10,242573
4312,100,242609
4313,100,242679
4314,100,242711
4315,100,242780
4316,100,242873
4317,100,242962
4318,100,242995
4319,100,243141
4320,100,243159
4321,100,243192
4322,100,243334
4323,100,243463
4324,100,243496
4325,100,243526
4326,100,243564
4327,100,243600
4328,100,243629
4329,100,243647
4330,-10,243690
4331,-10,243725
4332,100,243743
4333,100,243753
4334,100,243839
4335,-10,243949
4336,100,243986
4337,100,244106
4338,100,244124
4339,100,244152
4340,100,244192
4341,100,244225
4342,-10,244291
4343,-10,244330
4344,100,244389
4345,100,244429
4346,100,244499
4347,100,244553
4348,100,244587
4349,100,244617
4350,100,244672
4351,-10,244711
4352,100,244720
4353,100,244809
4354,100,244827
4355,100,244873
4356,100,244906
4357,-10,244952
4358,100,244983
4359,100,245053
4360,100,245083
4361,100,245104
4362,100,245134
4363,-10,245193
4364,100,245222
4365,100,245245
4366,100,245278
4367,100,245317
4368,100,245354
4369,100,245376
4370,100,245460
4371,100,245470
4372,100,245559
4373,-10,245666
4374,100,245706
4375,-10,245728
4376,100,245749
4377,100,245787
4378,100,245819
4379,-10,245887
4380,100,245931
4381,100,245940
4382,100,246012
4383,100,246050
4384,-10,246109
4385,100,246147
4386,100,246260
4387,100,246292
4388,-10,246339
4389,-10,246445
4390,100,246457
4391,100,246511
4392,100,246538
4393,100,246560
4394,-10,246613
4395,100,246788
4396,100,246820
4397,100,247001
4398,100,247021
4399,100,247043
4400,100,247072
4401,100,247094
4402,100,247118
4403,100,247138
4404,100,247161
4405,100,247193
4406,100,247213
4407,-10,247299
4408,100,247340
4409,-10,247404
4410,-10,247438
4411,100,247469
4412,-10,247538
4413,-10,247576
4414,100,247620
4415,100,247651
4416,100,247689
4417,-10,247730
4418,100,247751
4419,100,247779
4420,100,247813
4421,100,247886
4422,100,247906
4423,100,247934
4424,100,247967
4425,100,248032
4426,100,248090
4427,100,248398
4428,100,248416
4429,100,248497
4430,-10,248604
4431,100,248653
4432,100,248681
4433,100,248708
4434,100,248758
4435,100,248789
4436,-10,248897
4437,100,248908
4438,100,249039
4439,-10,249082
4440,-10,249122
4441,100,249152
4442,100,249200
4443,100,249260
4444,100,249330
4445,100,249351
4446,100,249380
4447,100,249420
4448,100,249468
4449,-10,249553
4450,-10,249695
4451,100,249729
4452,-10,249770
4453,100,249806
4454,-10,249841
4455,100,249852
4456,-10,249942
4457,-10,250027
4458,100,250068
4459,-10,250162
4460,-10,250197
4461,-10,250236
4462,-10,250354
4463,100,250390
4464,100,250441
4465,100,250465
4466,100,250506
4467,-10,250544
4468,100,250590
4469,100,250658
4470,100,250698
4471,-10,250746
4472,100,250780
4473,100,250793
4474,100,250821
4475,100,250858
4476,100,250901
4477,100,250931
4478,100,250961
4479,100,250978
4480,-10,251056
4481,100,251087
4482,100,251149
4483,-10,251247
4484,100,251279
4485,100,251378
4486,100,251559
4487,100,251617
4488,-10,251686
4489,-10,251712
4490,100,251743
4491,100,251816
4492,100,251827
4493,100,251858
4494,100,251955
4495,100,252003
4496,100,252040
4497,100,252208
4498,100,252238
4499,-10,252282
4500,100,252307
4501,100,252347
4502,-10,252407
4503,-10,252502
4504,100,252526
4505,100,252558
4506,100,252604
4507,100,252613
4508,-10,252706
4509,100,252718
4510,100,252794
4511,100,252829
4512,100,252852
4513,100,252886
4514,100,252921
4515,100,252949
4516,-10,252986
4517,100,253015
4518,100,253078
4519,100,253115
4520,100,253150
4521,-10,253189
4522,100,253344
4523,100,253385
4524,100,253397
4525,100,253475
4526,100,253485
4527,100,253541
4528,100,253578
4529,-10,253611
4530,100,253642
4531,100,253680
4532,100,253687
4533,100,253719
4534,100,253755
4535,100,253794
4536,-10,253837
4537,-10,253866
4538,100,253896
4539,-10,254007
4540,-10,254125
4541,100,254192
4542,-10,254345
4543,100,254380
4544,100,254420
4545,-10,254511
4546,-10,254556
4547,100,254627
4548,-10,254670
4549,100,254694
4550,-10,254734
4551,100,254758
4552,100,254777
4553,100,254785
4554,100,254834
4555,100,254909
4556,100,254974
4557,100,255013
4558,-10,255061
4559,100,255102
4560,100,255144
4561,-10,255236
4562,100,255295
4563,100,255355
4564,100,255373
4565,-10,255422
4566,100,255467
4567,-10,255523
4568,100,255555
4569,-10,255583
4570,100,255698
4571,100,255731
4572,100,255764
4573,-10,255809
4574,-10,255851
4575,-10,255898
4576,100,255944
4577,100,255964
4578,-10,256013
4579,100,256045
4580,100,256073
4581,100,256112
4582,-10,256192
4583,-10,256228
4584,100,256347
4585,100,256407
4586,100,256448
4587,100,256457
4588,-10,256484
4589,100,256529
4590,-10,256650
4591,100,256681
4592,100,256782
4593,100,256882
4594,100,256950
4595,100,256969
4596,100,256993
4597,100,257024
4598,100,257072
4599,100,257214
4600,100,257249
4601,100,257318
4602,100,257355
4603,-10,257381
4604,-10,257429
4605,-10,257466
4606,100,257558
4607,100,257604
4608,-10,257663
4609,100,257687
4610,-10,257729
4611,100,257767
4612,100,257800
4613,-10,257902
4614,100,257923
4615,-10,257964
4616,100,258001
4617,100,258036
4618,100,258072
4619,100,258100
4620,100,258171
4621,100,258319
4622,-10,258354
4623,100,258363
4624,100,258396
4625,-10,258540
4626,100,258573
4627,-10,258622
4628,100,258776
4629,-10,258879
4630,100,258971
4631,100,259006
4632,100,259030
4633,100,259114
4634,-10,259151
4635,100,259182
4636,-10,259227
4637,100,259256
4638,-10,259280
4639,100,259303
4640,100,259333
4641,100,259366
4642,100,259412
4643,-10,259457
4644,100,259501
4645,100,259545
4646,100,259574
4647,100,259646
4648,100,259729
4649,-10,259768
4650,-10,259820
4651,100,259985
4652,100,260018
4653,100,260039
4654,100,260081
4655,100,260129
4656,-10,260201
4657,100,260262
4658,100,260292
4659,-10,260375
4660,100,260394
4661,100,260498
4662,100,260527
4663,100,260535
4664,100,260580
4665,100,260735
4666,100,260782
4667,100,260810
4668,-10,260877
4669,-10,260901
4670,100,260932
4671,100,260944
4672,100,261122
4673,100,261153
4674,100,261195
4675,100,261220
4676,100,261252
4677,100,261273
4678,100,261316
4679,100,261326
4680,100,261366
4681,100,261391
4682,-10,261485
4683,-10,261518
4684,-10,261639
4685,100,261709
4686,-10,261900
4687,-10,261946
4688,100,262035
4689,100,262042
4690,100,262062
4691,100,262108
4692,100,262151
4693,100,262229
4694,100,262237
4695,100,262351
4696,-10,262390
4697,100,262434
4698,100,262445
4699,100,262505
4700,100,262513
4701,100,262557
4702,100,262589
4703,100,262620
4704,100,262660
4705,-10,262773
4706,-10,262808
4707,100,262843
4708,100,262864
4709,100,262960
4710,-10,262994
4711,100,263017
4712,-10,263055
4713,100,263078
4714,100,263128
4715,100,263147
4716,100,263203
4717,-10,263277
4718,-10,263367
4719,-10,263416
4720,100,263456
4721,-10,263506
4722,-10,263562
4723,-10,263753
4724,100,263819
4725,100,263857
4726,100,263997
4727,100,264045
4728,100,264114
4729,100,264160
4730,100,264186
4731,-10,264278
4732,100,264290
4733,100,264320
4734,100,264351
4735,100,264389
4736,100,264421
4737,100,264432
4738,100,264455
4739,100,264501
4740,100,264523
4741,100,264550
4742,100,264775
4743,-10,264814
4744,100,264832
4745,100,264904
4746,-10,264927
4747,100,264960
4748,-10,265002
4749,100,265030
4750,100,265061
4751,100,265098
4752,100,265125
4753,100,265214
4754,100,265234
4755,-10,265261
4756,100,265277
4757,100,265306
4758,100,265345
4759,100,265372
4760,-10,265480
4761,100,265669
4762,100,265767
4763,100,265794
4764,100,265829
4765,100,265861
4766,-10,265916
4767,100,265952
4768,100,265974
4769,100,266011
4770,100,266051
4771,100,266123
4772,100,266169
4773,100,266178
4774,-10,266218
4775,-10,266304
4776,100,266388
4777,100,266405
4778,100,266493
4779,-10,266535
4780,100,266568
4781,100,266599
4782,100,266631
4783,100,266679
4784,100,266718
4785,100,266827
4786,100,266845
4787,100,266889
4788,100,266919
4789,100,266948
4790,-10,267016
4791,100,267041
4792,100,267062
4793,100,267108
4794,100,267149
4795,100,267188
4796,100,267227
4797,100,267257
4798,-10,267307
4799,100,267351
4800,100,267440
4801,-10,267504
4802,100,267614
4803,100,267636
4804,100,267656
4805,100,267693
4806,100,267744
4807,100,267779
4808,100,267819
4809,-10,267860
4810,100,268001
4811,100,268032
4812,100,268039
4813,100,268049
4814,100,268255
4815,100,268263
4816,100,268291
4817,100,268322
4818,100,268416
4819,100,268462
4820,100,268482
4821,100,268492
4822,100,268536
4823,100,268577
4824,100,268596
4825,100,268627
4826,-10,268659
4827,100,268690
4828,-10,268845
4829,-10,268954
4830,100,268982
4831,-10,269030
4832,100,269064
4833,100,269082
4834,100,269111
4835,100,269131
4836,-10,269197
4837,100,269290
4838,100,269361
4839,100,269484
4840,-10,269657
4841,100,269690
4842,100,269709
4843,100,269728
4844,100,269737
4845,100,269777
4846,100,269863
4847,-10,269895
4848,100,269922
4849,-10,269999
4850,-10,270065
4851,100,270252
4852,100,270278
4853,100,270317
4854,100,270326
4855,100,270433
4856,100,270548
4857,100,270578
4858,100,270604
4859,100,270824
4860,100,270900
4861,100,271065
4862,100,271096
4863,100,271190
4864,100,271236
4865,-10,271283
4866,100,271434
4867,-10,271517
4868,100,271539
4869,100,271566
4870,100,271602
4871,100,271642
4872,100,271679
4873,100,271702
4874,100,271721
4875,100,271890
4876,100,271916
4877,-10,271959
4878,100,271993
4879,100,272058
4880,-10,272151
4881,100,272183
4882,100,272214
4883,-10,272276
4884,100,272373
4885,100,272402
4886,100,272415
4887,100,272469
4888,100,272506
4889,-10,272550
4890,100,272593
4891,100,272619
4892,100,272763
4893,-10,272853
4894,100,272871
4895,100,272912
4896,100,272945
4897,-10,272974
4898,100,273076
4899,100,273083
4900,100,273138
4901,-10,273185
4902,100,273214
4903,100,273247
4904,100,273281
4905,100,273356
4906,100,273455
4907,-10,273498
4908,-10,273541
4909,100,273583
4910,100,273619
4911,100,273645
4912,100,273664
4913,-10,273759
4914,100,273829
4915,100,273858
4916,100,273918
4917,100,273997
4918,100,274085
4919,100,274146
4920,-10,274178
4921,100,274249
4922,100,274267
4923,100,274303
4924,100,274331
4925,100,274361
4926,100,274368
4927,-10,274403
4928,100,274425
4929,100,274477
4930,100,274526
4931,100,274576
4932,100,274598
4933,100,274643
4934,100,274688
4935,-10,274754
4936,100,274786
4937,-10,274869
4938,100,274904
4939,100,274933
4940,100,274979
4941,100,275010
4942,100,275050
4943,-10,275088
4944,-10,275210
4945,-10,275287
4946,100,275314
4947,100,275323
4948,-10,275412
4949,100,275591
4950,100,275620
4951,100,275782
4952,100,275792
4953,100,275837
4954,100,276021
4955,100,276150
4956,100,276177
4957,100,276224
4958,-10,276260
4959,100,276270
4960,100,276290
4961,-10,276327
4962,100,276493
4963,100,276510
4964,100,276543
4965,100,276575
4966,100,276582
4967,100,276594
4968,100,276630
4969,100,276658
4970,-10,276681
4971,-10,276724
4972,100,276773
4973,100,276810
4974,100,276844
4975,-10,276882
4976,100,276964
4977,-10,277126
4978,100,277265
4979,100,277369
4980,100,277398
4981,100,277425
4982,-10,277601
4983,100,277737
4984,100,277772
4985,100,277800
4986,100,277841
4987,100,277902
4988,100,277991
4989,100,278075
4990,-10,278243
4991,100,278275
4992,100,278292
4993,100,278364
4994,100,278396
4995,100,278405
4996,100,278574
4997,100,278688
4998,100,278739
4999,-10,278796
5000,100,278833
